file,driver,car,track,lap,lap_time_s,section,section_time_s,Steering Angle [°] Min,Steering Angle [°] Max,Steering Angle [°] Range,Steering Angle [°] Avg,Steering Angle [°] Start,Steering Angle [°] End,Steering Angle [°] Std Dev,Ground Speed [km/h] Min,Ground Speed [km/h] Max,Ground Speed [km/h] Range,Ground Speed [km/h] Avg,Ground Speed [km/h] Start,Ground Speed [km/h] End,Ground Speed [km/h] Std Dev,Brake Pos [%] Min,Brake Pos [%] Max,Brake Pos [%] Range,Brake Pos [%] Avg,Brake Pos [%] Start,Brake Pos [%] End,Brake Pos [%] Std Dev,Abs Lateral G [G] Min,Abs Lateral G [G] Max,Abs Lateral G [G] Range,Abs Lateral G [G] Avg,Abs Lateral G [G] Start,Abs Lateral G [G] End,Abs Lateral G [G] Std Dev,CG Accel Lateral [G] Min,CG Accel Lateral [G] Max,CG Accel Lateral [G] Range,CG Accel Lateral [G] Avg,CG Accel Lateral [G] Start,CG Accel Lateral [G] End,CG Accel Lateral [G] Std Dev,CG Accel Longitudinal [G] Min,CG Accel Longitudinal [G] Max,CG Accel Longitudinal [G] Range,CG Accel Longitudinal [G] Avg,CG Accel Longitudinal [G] Start,CG Accel Longitudinal [G] End,CG Accel Longitudinal [G] Std Dev,CG Accel Vertical [G] Min,CG Accel Vertical [G] Max,CG Accel Vertical [G] Range,CG Accel Vertical [G] Avg,CG Accel Vertical [G] Start,CG Accel Vertical [G] End,CG Accel Vertical [G] Std Dev
12092026-202921-AM  Kent Butaya-ford_mustang_gt3-rt_sebring-imsa2026.ld,AM  Kent Butaya,ford_mustang_gt3,rt_sebring-imsa2026,1,124.402,Str 0-1 (End),7.031,-20.0563,4.292,24.3483,-4.0855,-1.7619,-18.7708,5.3962,178.1187,250.0898,71.9711,231.9512,218.4081,178.1187,15.2218,0.0,100.0,100.0,18.1854,0.0,100.0,37.8527,0.001,2.253,2.252,0.449,0.1662,1.2529,0.5842,-0.3073,2.253,2.5603,0.3952,0.1662,1.2529,0.6218,-1.7163,0.2701,1.9865,-0.1465,0.2153,-1.4626,0.5955,-0.708,0.6962,1.4042,-0.012,0.2467,0.0915,0.2494
12092026-202921-AM  Kent Butaya-ford_mustang_gt3-rt_sebring-imsa2026.ld,AM  Kent Butaya,ford_mustang_gt3,rt_sebring-imsa2026,1,124.402,Turn 1,3.992,-38.3672,-11.5786,26.7886,-27.3084,-18.7708,-19.9526,6.4994,132.1868,178.1187,45.9319,146.1164,178.1187,160.5193,11.5115,0.0,100.0,100.0,18.8988,100.0,0.0,37.4894,0.7433,2.0389,1.2956,1.3288,1.2529,1.2913,0.2719,0.7433,2.0389,1.2956,1.3288,1.2529,1.2913,0.2719,-1.5594,0.5862,2.1456,-0.0763,-1.4626,0.3436,0.6553,-0.4287,0.3404,0.769,-0.0337,0.0915,0.122,0.1408
12092026-202921-AM  Kent Butaya-ford_mustang_gt3-rt_sebring-imsa2026.ld,AM  Kent Butaya,ford_mustang_gt3,rt_sebring-imsa2026,1,124.402,Str 1-2,6.878,-67.8984,12.2637,80.1621,-8.1495,-19.9526,-67.8984,16.4619,103.3958,201.4814,98.0856,165.7091,160.5193,103.3958,30.8966,0.0,100.0,100.0,23.313,0.0,0.0,39.701,0.0021,1.6015,1.5995,0.6031,1.2913,1.4065,0.4547,-1.4256,1.6015,3.0271,0.152,1.2913,1.4065,0.7394,-1.7434,0.5134,2.2568,-0.221,0.3436,-0.1571,0.7404,-0.8884,0.7138,1.6022,-0.0022,0.122,-0.1578,0.2057
12092026-202921-AM  Kent Butaya-ford_mustang_gt3-rt_sebring-imsa2026.ld,AM  Kent Butaya,ford_mustang_gt3,rt_sebring-imsa2026,1,124.402,Turn 2,2.272,-72.5298,35.3685,107.8983,-40.8251,-67.8984,35.3253,32.7091,101.357,124.424,23.0671,108.9407,103.3958,124.424,6.7912,0.0,0.0,0.0,0.0,0.0,0.0,0.0,0.0333,1.9396,1.9063,1.2173,1.4065,1.0548,0.4337,-1.0548,1.9396,2.9944,1.1044,1.4065,-1.0548,0.6433,-0.1993,0.6542,0.8535,0.2967,-0.1571,0.6112,0.2376,-0.3696,0.504,0.8736,-0.0326,-0.1578,0.0226,0.1615
12092026-202921-AM  Kent Butaya-ford_mustang_gt3-rt_sebring-imsa2026.ld,AM  Kent Butaya,ford_mustang_gt3,rt_sebring-imsa2026,1,124.402,Str 2-3,0.663,15.647,35.3253,19.6783,27.0982,35.3253,18.9369,7.6551,124.424,133.5988,9.1747,128.8848,124.424,133.5988,2.5367,0.0,0.0,0.0,0.0,0.0,0.0,0.0,0.9233,1.9736,1.0503,1.3654,1.0548,1.428,0.2769,-1.9736,-0.9233,1.0503,-1.3654,-1.0548,-1.428,0.2769,0.0755,0.6365,0.5611,0.4551,0.6112,0.4816,0.1332,-0.5244,0.4825,1.0069,0.0164,0.0226,-0.0689,0.2763
12092026-202921-AM  Kent Butaya-ford_mustang_gt3-rt_sebring-imsa2026.ld,AM  Kent Butaya,ford_mustang_gt3,rt_sebring-imsa2026,1,124.402,Turn 3,0.791,-23.0895,28.7068,51.7964,4.555,18.9369,-23.0895,17.2781,133.5988,143.2335,9.6347,137.573,133.5988,143.2335,2.9019,0.0,0.0,0.0,0.0,0.0,0.0,0.0,0.0168,1.7865,1.7697,1.137,1.428,0.599,0.4872,-1.7865,0.599,2.3856,-1.018,-1.428,0.599,0.6687,-0.1068,0.6157,0.7225,0.4132,0.4816,0.481,0.1839,-0.1737,0.0968,0.2705,-0.0272,-0.0689,-0.0261,0.0693
12092026-202921-AM  Kent Butaya-ford_mustang_gt3-rt_sebring-imsa2026.ld,AM  Kent Butaya,ford_mustang_gt3,rt_sebring-imsa2026,1,124.402,Str 3-4,0.782,-33.7642,-14.6405,19.1237,-22.98,-23.0895,-33.7642,5.701,122.4701,144.6686,22.1985,135.7478,143.2335,122.4701,7.3968,0.0,73.3565,73.3565,52.7366,0.0,73.2743,26.8057,0.599,1.4868,0.8877,1.0902,0.599,1.4612,0.2409,0.599,1.4868,0.8877,1.0902,0.599,1.4612,0.2409,-1.1904,0.481,1.6714,-0.7064,0.481,-1.0526,0.559,-0.2779,0.2708,0.5487,-0.0338,-0.0261,0.08,0.1323
12092026-202921-AM  Kent Butaya-ford_mustang_gt3-rt_sebring-imsa2026.ld,AM  Kent Butaya,ford_mustang_gt3,rt_sebring-imsa2026,1,124.402,Turn 4,3.819,-64.645,7.1194,71.7643,-40.0748,-33.7642,7.1194,19.143,102.3064,137.3856,35.0793,114.5527,122.4701,137.3856,9.5806,0.0,73.3997,73.3997,4.4386,73.2743,0.0,16.1379,0.0271,1.9154,1.8883,1.2899,1.4612,0.0583,0.3921,-0.0583,1.9154,1.9737,1.2888,1.4612,-0.0583,0.3936,-1.0526,0.6074,1.6601,0.2007,-1.0526,0.5525,0.4104,-0.2725,0.1936,0.4661,-0.0166,0.08,0.1083,0.0899
12092026-202921-AM  Kent Butaya-ford_mustang_gt3-rt_sebring-imsa2026.ld,AM  Kent Butaya,ford_mustang_gt3,rt_sebring-imsa2026,1,124.402,Str 4-5,14.959,-4.9921,145.7901,150.7821,10.5086,7.1194,145.7901,21.725,73.4279,235.8946,162.4667,184.3603,137.3856,73.4279,41.2034,0.0,100.0,100.0,19.1831,0.0,13.9204,35.4235,0.0001,1.7952,1.7951,0.5343,0.0583,1.7081,0.4428,-1.7952,0.1247,1.9199,-0.5212,-0.0583,-1.7081,0.4582,-1.9249,0.6843,2.6092,-0.1115,0.5525,-0.4572,0.6507,-0.6839,0.6778,1.3616,0.0033,0.1083,0.1706,0.1827
12092026-202921-AM  Kent Butaya-ford_mustang_gt3-rt_sebring-imsa2026.ld,AM  Kent Butaya,ford_mustang_gt3,rt_sebring-imsa2026,1,124.402,Turn 5,2.375,22.7768,156.9366,134.1598,97.8839,145.7901,22.7768,52.1907,67.0883,89.6154,22.527,73.8098,73.4279,89.6154,6.3647,0.0,13.9204,13.9204,0.4857,13.9204,0.0,2.261,0.6354,1.7081,1.0728,1.2345,1.7081,0.7708,0.331,-1.7081,-0.6354,1.0728,-1.2345,-1.7081,-0.7708,0.331,-0.4572,0.6961,1.1533,0.2071,-0.4572,0.4821,0.3375,-0.3328,0.2081,0.5409,-0.0091,0.1706,-0.0737,0.1071
12092026-202921-AM  Kent Butaya-ford_mustang_gt3-rt_sebring-imsa2026.ld,AM  Kent Butaya,ford_mustang_gt3,rt_sebring-imsa2026,1,124.402,Str 5-6,9.189,-22.1428,27.8548,49.9976,2.1871,22.7768,-17.4439,10.9945,89.6154,212.4222,122.8068,162.6883,89.6154,212.4222,35.4629,0.0,0.0,0.0,0.0,0.0,0.0,0.0,0.0018,1.5917,1.5898,0.6398,0.7708,1.4493,0.3028,-1.5917,1.4493,3.0409,-0.2323,-0.7708,1.4493,0.6662,-0.1721,0.8903,1.0623,0.3858,0.4821,0.1828,0.1622,-0.6186,0.5353,1.1539,0.0029,-0.0737,0.2303,0.1578
12092026-202921-AM  Kent Butaya-ford_mustang_gt3-rt_sebring-imsa2026.ld,AM  Kent Butaya,ford_mustang_gt3,rt_sebring-imsa2026,1,124.402,Turn 6,1.014,-18.7748,-6.5862,12.1886,-11.0944,-17.4439,-6.5862,4.5122,212.4222,219.1353,6.7131,215.6549,212.4222,219.1353,1.9786,0.0,0.0,0.0,0.0,0.0,0.0,0.0,0.5968,1.6005,1.0037,1.1259,1.4493,0.5968,0.3226,0.5968,1.6005,1.0037,1.1259,1.4493,0.5968,0.3226,0.1543,0.2472,0.0929,0.2105,0.1828,0.2385,0.0214,-0.481,0.3885,0.8696,0.0038,0.2303,-0.1933,0.2014
12092026-202921-AM  Kent Butaya-ford_mustang_gt3-rt_sebring-imsa2026.ld,AM  Kent Butaya,ford_mustang_gt3,rt_sebring-imsa2026,1,124.402,Str 6-7,5.362,-6.5862,89.0154,95.6015,10.718,-6.5862,89.0154,23.8724,89.3,226.0347,136.7347,171.885,219.1353,89.3,52.8386,0.0,100.0,100.0,40.2516,0.0,0.0,46.7151,0.0023,1.8762,1.8739,0.4012,0.5968,1.4011,0.4293,-1.8762,0.7206,2.5968,-0.2396,0.5968,-1.4011,0.536,-1.7977,0.2432,2.0408,-0.674,0.2385,-0.1343,0.7404,-0.5683,0.5513,1.1196,-0.0162,-0.1933,-0.1713,0.1695
12092026-202921-AM  Kent Butaya-ford_mustang_gt3-rt_sebring-imsa2026.ld,AM  Kent Butaya,ford_mustang_gt3,rt_sebring-imsa2026,1,124.402,Turn 7,2.546,-118.4951,89.1437,207.6388,33.2594,89.0154,-46.9682,62.3773,87.7093,115.4029,27.6937,98.396,89.3,115.4029,8.7976,0.0,0.0,0.0,0.0,0.0,0.0,0.0,0.4277,1.8469,1.4192,1.3089,1.4011,0.4639,0.2806,-1.8469,-0.4277,1.4192,-1.3089,-1.4011,-0.4639,0.2806,-0.1745,0.7725,0.947,0.3685,-0.1343,0.6373,0.2239,-0.4129,0.2533,0.6662,-0.0273,-0.1713,0.0775,0.133
12092026-202921-AM  Kent Butaya-ford_mustang_gt3-rt_sebring-imsa2026.ld,AM  Kent Butaya,ford_mustang_gt3,rt_sebring-imsa2026,1,124.402,Str 7-8,1.217,-46.9682,-22.449,24.5192,-32.7955,-46.9682,-35.9092,5.4011,115.4029,137.8164,22.4134,127.1432,115.4029,137.8164,6.6603,0.0,0.0,0.0,0.0,0.0,0.0,0.0,0.1338,1.4987,1.3649,1.1493,0.4639,1.3513,0.2904,-0.4639,1.4987,1.9626,1.1264,-0.4639,1.3513,0.3715,0.3205,0.6772,0.3568,0.5504,0.6373,0.5008,0.0551,-0.2202,0.1332,0.3534,-0.0105,0.0775,-0.0256,0.0795
12092026-202921-AM  Kent Butaya-ford_mustang_gt3-rt_sebring-imsa2026.ld,AM  Kent Butaya,ford_mustang_gt3,rt_sebring-imsa2026,1,124.402,Turn 8,3.575,-35.9092,3.8716,39.7808,-23.8235,-35.9092,2.7727,9.8589,137.8164,179.2831,41.4667,159.2964,137.8164,179.2831,12.4455,0.0,0.0,0.0,0.0,0.0,0.0,0.0,0.0045,1.8259,1.8214,1.2815,1.3513,0.1281,0.3538,-0.1281,1.8259,1.954,1.2777,1.3513,-0.1281,0.3624,-0.1301,0.557,0.6872,0.3654,0.5008,0.3305,0.1233,-0.3631,0.2795,0.6426,-0.0213,-0.0256,-0.3029,0.1141
12092026-202921-AM  Kent Butaya-ford_mustang_gt3-rt_sebring-imsa2026.ld,AM  Kent Butaya,ford_mustang_gt3,rt_sebring-imsa2026,1,124.402,Str 8-9,1.64,0.6587,12.9011,12.2424,8.1041,2.7727,11.5443,3.9132,179.2831,191.305,12.0219,186.7792,179.2831,187.8348,3.7169,0.0,0.0,0.0,0.0,0.0,0.0,0.0,0.1281,1.3015,1.1734,0.7618,0.1281,1.1056,0.3463,-1.3015,-0.1281,1.1734,-0.7618,-0.1281,-1.1056,0.3463,-0.1953,0.3506,0.5458,0.1561,0.3305,-0.1859,0.2325,-0.3654,0.4536,0.819,-0.021,-0.3029,-0.0651,0.192
12092026-202921-AM  Kent Butaya-ford_mustang_gt3-rt_sebring-imsa2026.ld,AM  Kent Butaya,ford_mustang_gt3,rt_sebring-imsa2026,1,124.402,Turn 9,0.834,-0.1258,11.5443,11.6701,3.4384,11.5443,1.7326,2.7766,176.7463,187.8348,11.0885,184.2126,187.8348,176.7463,2.6944,0.0,100.0,100.0,18.365,0.0,100.0,32.0152,0.2322,1.2467,1.0145,0.7023,1.1056,0.2504,0.325,-1.2467,-0.2322,1.0145,-0.7023,-1.1056,-0.2504,0.325,-1.7075,-0.1619,1.5456,-0.3859,-0.1859,-1.627,0.4491,-0.2082,0.1997,0.4079,0.0013,-0.0651,0.009,0.0947
12092026-202921-AM  Kent Butaya-ford_mustang_gt3-rt_sebring-imsa2026.ld,AM  Kent Butaya,ford_mustang_gt3,rt_sebring-imsa2026,1,124.402,Str 9-10,2.222,-1.7964,41.6193,43.4157,17.4909,1.7326,41.3921,13.9188,108.3302,176.7463,68.4161,129.2735,176.7463,109.8283,22.0037,0.0,100.0,100.0,51.5995,100.0,0.0,41.4627,0.2303,1.6745,1.4442,0.7958,0.2504,1.1209,0.4691,-1.6745,-0.2303,1.4442,-0.7958,-0.2504,-1.1209,0.4691,-1.6736,0.449,2.1226,-0.8364,-1.627,0.2075,0.6861,-0.4806,0.2682,0.7488,-0.0407,0.009,-0.078,0.1277
12092026-202921-AM  Kent Butaya-ford_mustang_gt3-rt_sebring-imsa2026.ld,AM  Kent Butaya,ford_mustang_gt3,rt_sebring-imsa2026,1,124.402,Turn 10,2.485,-128.796,72.993,201.789,10.3047,41.3921,26.8849,64.6952,107.5927,123.0514,15.4587,112.2655,109.8283,123.0514,3.6525,0.0,0.0,0.0,0.0,0.0,0.0,0.0,0.0437,2.2085,2.1648,1.3105,1.1209,0.139,0.4487,-2.2085,0.5631,2.7716,-1.2471,-1.1209,0.139,0.6015,-0.2354,0.7653,1.0007,0.2748,0.2075,0.5574,0.276,-0.3564,0.4874,0.8438,0.0118,-0.078,0.0524,0.1496
12092026-202921-AM  Kent Butaya-ford_mustang_gt3-rt_sebring-imsa2026.ld,AM  Kent Butaya,ford_mustang_gt3,rt_sebring-imsa2026,1,124.402,Str 10-11,7.497,-25.0443,27.0393,52.0837,-2.3178,26.8849,-19.5464,8.5066,123.0514,212.2918,89.2404,175.1647,123.0514,212.2918,26.1929,0.0,0.0,0.0,0.0,0.0,0.0,0.0,0.0,1.9217,1.9217,0.3284,0.139,1.6336,0.4407,-1.0038,1.9217,2.9255,0.1154,0.139,1.6336,0.5363,-0.1837,0.6261,0.8098,0.3434,0.5574,0.1992,0.1407,-0.555,0.5093,1.0642,-0.0027,0.0524,0.0961,0.1974
12092026-202921-AM  Kent Butaya-ford_mustang_gt3-rt_sebring-imsa2026.ld,AM  Kent Butaya,ford_mustang_gt3,rt_sebring-imsa2026,1,124.402,Turn 11,0.823,-19.5464,-1.3665,18.1799,-9.5173,-19.5464,-3.1773,7.2948,212.2918,217.5931,5.3012,214.7421,212.2918,217.5931,1.559,0.0,0.0,0.0,0.0,0.0,0.0,0.0,0.1977,1.9522,1.7545,1.1645,1.6336,0.1977,0.5096,0.1977,1.9522,1.7545,1.1645,1.6336,0.1977,0.5096,0.1615,0.2641,0.1027,0.2142,0.1992,0.2103,0.0199,-0.4587,0.4858,0.9445,-0.028,0.0961,-0.2434,0.2369
12092026-202921-AM  Kent Butaya-ford_mustang_gt3-rt_sebring-imsa2026.ld,AM  Kent Butaya,ford_mustang_gt3,rt_sebring-imsa2026,1,124.402,Str 11-12,0.722,-15.2581,-3.1773,12.0808,-8.5747,-3.1773,-15.2581,4.3845,217.5931,222.8683,5.2753,220.2716,217.5931,222.8683,1.659,0.0,0.0,0.0,0.0,0.0,0.0,0.0,0.1647,1.1702,1.0054,0.5535,0.1977,1.1702,0.3057,0.1647,1.1702,1.0054,0.5535,0.1977,1.1702,0.3057,0.1702,0.2503,0.0801,0.2094,0.2103,0.1985,0.0194,-0.3022,0.3137,0.6159,-0.0277,-0.2434,-0.0275,0.1567
12092026-202921-AM  Kent Butaya-ford_mustang_gt3-rt_sebring-imsa2026.ld,AM  Kent Butaya,ford_mustang_gt3,rt_sebring-imsa2026,1,124.402,Turn 12,1.685,-23.2083,-8.8595,14.3488,-14.7303,-15.2581,-8.8595,3.5912,222.8683,231.6394,8.7711,227.4444,222.8683,231.6394,2.6041,0.0,0.0,0.0,0.0,0.0,0.0,0.0,0.9626,2.303,1.3404,1.4071,1.1702,1.3609,0.2753,0.9626,2.303,1.3404,1.4071,1.1702,1.3609,0.2753,0.0452,0.401,0.3559,0.1903,0.1985,0.1843,0.0454,-0.5513,0.7441,1.2954,-0.0327,-0.0275,0.038,0.286
12092026-202921-AM  Kent Butaya-ford_mustang_gt3-rt_sebring-imsa2026.ld,AM  Kent Butaya,ford_mustang_gt3,rt_sebring-imsa2026,1,124.402,Str 12-13,1.863,-8.8595,21.4825,30.342,8.5629,-8.8595,12.2841,7.7715,139.3035,231.9497,92.6462,187.778,231.6394,139.3035,29.2371,0.0,100.0,100.0,90.2867,0.0,80.9245,26.259,0.0192,1.4533,1.4341,0.7595,1.3609,1.4533,0.4016,-1.4533,1.4015,2.8548,-0.4796,1.3609,-1.4533,0.7145,-1.8497,0.2066,2.0564,-1.3641,0.1843,-1.1889,0.4857,-0.387,0.4533,0.8403,-0.0235,0.038,0.038,0.1842
12092026-202921-AM  Kent Butaya-ford_mustang_gt3-rt_sebring-imsa2026.ld,AM  Kent Butaya,ford_mustang_gt3,rt_sebring-imsa2026,1,124.402,Turn 13,2.924,-30.8089,47.545,78.3539,19.43,12.2841,-7.512,20.8178,129.4193,144.0816,14.6624,133.8428,139.3035,144.0816,3.6939,0.0,80.9245,80.9245,3.5367,80.9245,0.0,14.9422,0.323,2.1883,1.8654,1.4064,1.4533,0.323,0.3181,-2.1883,-0.323,1.8654,-1.4064,-1.4533,-0.323,0.3181,-1.1889,0.5062,1.6951,0.1261,-1.1889,0.447,0.3343,-0.5533,0.3365,0.8898,-0.033,0.038,-0.0803,0.1602
12092026-202921-AM  Kent Butaya-ford_mustang_gt3-rt_sebring-imsa2026.ld,AM  Kent Butaya,ford_mustang_gt3,rt_sebring-imsa2026,1,124.402,Str 13-14,3.641,-88.3886,26.7713,115.16,-10.5008,-7.512,-88.3886,22.4477,123.1273,167.603,44.4756,148.4432,144.0816,123.1273,13.7945,0.0,59.5111,59.5111,15.4158,0.0,0.0,24.8311,0.0056,1.787,1.7814,1.0855,0.323,1.4673,0.4782,-1.787,1.5722,3.3592,0.0012,-0.323,-1.4673,1.1869,-1.1884,0.4905,1.6789,-0.087,0.447,-0.0113,0.5779,-0.2981,0.3246,0.6227,-0.0205,-0.0803,-0.1149,0.1229
12092026-202921-AM  Kent Butaya-ford_mustang_gt3-rt_sebring-imsa2026.ld,AM  Kent Butaya,ford_mustang_gt3,rt_sebring-imsa2026,1,124.402,Turn 14,27.427,-179.4934,63.1759,242.6693,4.2153,-88.3886,9.8363,33.1809,108.3434,253.4972,145.1537,177.1,123.1273,178.3164,45.4839,0.0,100.0,100.0,8.3066,0.0,0.0,26.8961,0.0003,2.2666,2.2664,0.6874,1.4673,0.5059,0.6469,-2.2666,0.5585,2.8251,-0.611,-1.4673,-0.5059,0.7196,-1.727,0.651,2.378,0.0971,-0.0113,0.341,0.4867,-0.7909,0.6371,1.428,-0.0158,-0.1149,0.0553,0.1693
12092026-202921-AM  Kent Butaya-ford_mustang_gt3-rt_sebring-imsa2026.ld,AM  Kent Butaya,ford_mustang_gt3,rt_sebring-imsa2026,1,124.402,Str 0-1 (Start),4.176,-13.9556,9.8363,23.7919,-1.3278,9.8363,-1.3202,5.2107,178.3164,217.3338,39.0173,199.8106,178.3164,217.3338,11.5338,0.0,0.0,0.0,0.0,0.0,0.0,0.0,0.0029,1.24,1.2371,0.3406,0.5059,0.1743,0.3354,-0.6142,1.24,1.8542,0.013,-0.5059,-0.1743,0.479,-0.1707,0.3815,0.5522,0.2705,0.341,0.2401,0.0844,-0.6049,0.5212,1.1261,-0.0003,0.0553,0.1203,0.2331
12092026-204208-AM  Kent Butaya-ford_mustang_gt3-rt_sebring-imsa2026.ld,AM  Kent Butaya,ford_mustang_gt3,rt_sebring-imsa2026,1,122.969,Str 0-1 (End),8.005,-40.3501,2.8114,43.1615,-6.1097,-6.4944,-38.1956,8.4746,159.0184,232.0807,73.0623,203.2808,185.6931,161.6229,21.5769,0.0,100.0,100.0,16.7551,0.0,0.0,35.6538,0.0029,1.6375,1.6346,0.4556,0.7209,1.4655,0.4278,-0.3593,1.6375,1.9968,0.3591,0.7209,1.4655,0.5114,-1.946,0.3605,2.3065,-0.0797,0.3605,0.0945,0.6385,-0.4974,0.509,1.0063,-0.0136,0.1352,-0.0944,0.2106
12092026-204208-AM  Kent Butaya-ford_mustang_gt3-rt_sebring-imsa2026.ld,AM  Kent Butaya,ford_mustang_gt3,rt_sebring-imsa2026,1,122.969,Turn 1,3.276,-61.9474,-22.2295,39.7179,-44.9497,-38.1956,-22.2295,7.7196,161.6229,180.2407,18.6178,168.5601,161.6229,180.2407,5.7265,0.0,0.0,0.0,0.0,0.0,0.0,0.0,0.5022,2.3462,1.844,1.5973,1.4655,1.7812,0.2884,0.5022,2.3462,1.844,1.5973,1.4655,1.7812,0.2884,-0.017,0.4838,0.5008,0.2381,0.0945,0.3062,0.1028,-0.859,0.5761,1.4351,-0.0416,-0.0944,0.0456,0.2471
12092026-204208-AM  Kent Butaya-ford_mustang_gt3-rt_sebring-imsa2026.ld,AM  Kent Butaya,ford_mustang_gt3,rt_sebring-imsa2026,1,122.969,Str 1-2,6.407,-65.4758,17.619,83.0948,-10.8929,-22.2295,-65.4758,19.1637,103.0195,211.994,108.9745,177.9281,180.2407,103.0195,33.1323,0.0,100.0,100.0,31.6939,0.0,0.0,45.4954,0.0031,1.8248,1.8217,0.7755,1.7812,1.4565,0.5123,-1.8248,1.8116,3.6365,0.2503,1.7812,1.4565,0.8953,-1.7635,0.6286,2.3921,-0.3164,0.3062,-0.1434,0.7773,-0.8921,0.7805,1.6726,-0.0084,0.0456,-0.1035,0.2535
12092026-204208-AM  Kent Butaya-ford_mustang_gt3-rt_sebring-imsa2026.ld,AM  Kent Butaya,ford_mustang_gt3,rt_sebring-imsa2026,1,122.969,Turn 2,2.325,-70.2398,28.6749,98.9147,-35.2392,-65.4758,26.6562,36.1455,98.715,124.7292,26.0143,107.724,103.0195,124.7292,7.594,0.0,0.0,0.0,0.0,0.0,0.0,0.0,0.0591,2.0098,1.9506,1.2757,1.4565,1.109,0.3989,-1.109,2.0098,3.1187,1.0573,1.4565,-1.109,0.7981,-0.1873,0.6872,0.8745,0.3162,-0.1434,0.598,0.2876,-0.5314,0.519,1.0504,-0.0304,-0.1035,0.0173,0.1579
12092026-204208-AM  Kent Butaya-ford_mustang_gt3-rt_sebring-imsa2026.ld,AM  Kent Butaya,ford_mustang_gt3,rt_sebring-imsa2026,1,122.969,Str 2-3,0.666,20.8491,35.4579,14.6087,27.3563,26.6562,20.8491,4.1075,124.7292,133.0552,8.3259,128.8067,124.7292,133.0552,2.2969,0.0,0.0,0.0,0.0,0.0,0.0,0.0,0.7757,2.2512,1.4755,1.3133,1.109,1.2368,0.3946,-2.2512,-0.7757,1.4755,-1.3133,-1.109,-1.2368,0.3946,0.0534,0.6782,0.6249,0.4311,0.598,0.4713,0.1831,-0.6025,0.7292,1.3317,0.0001,0.0173,-0.1804,0.3762
12092026-204208-AM  Kent Butaya-ford_mustang_gt3-rt_sebring-imsa2026.ld,AM  Kent Butaya,ford_mustang_gt3,rt_sebring-imsa2026,1,122.969,Turn 3,0.789,-35.0011,21.3945,56.3956,-2.8929,20.8491,-31.9608,24.231,133.0552,142.6637,9.6085,137.4012,133.0552,142.6637,2.7332,0.0,0.0,0.0,0.0,0.0,0.0,0.0,0.0791,1.7511,1.672,1.201,1.2368,1.0844,0.4275,-1.7511,1.0844,2.8356,-0.955,-1.2368,1.0844,0.7945,-0.0845,0.6088,0.6934,0.4083,0.4713,0.4799,0.1868,-0.2688,0.1601,0.4289,-0.0289,-0.1804,0.0049,0.1045
12092026-204208-AM  Kent Butaya-ford_mustang_gt3-rt_sebring-imsa2026.ld,AM  Kent Butaya,ford_mustang_gt3,rt_sebring-imsa2026,1,122.969,Str 3-4,0.782,-31.9608,-14.1371,17.8236,-21.4865,-31.9608,-21.4048,5.5078,121.432,144.5019,23.0699,135.8759,142.6637,121.432,7.8114,0.0,93.456,93.456,60.8937,0.0,76.387,35.1308,0.6661,1.4963,0.8302,1.1239,1.0844,1.1705,0.1902,0.6661,1.4963,0.8302,1.1239,1.0844,1.1705,0.1902,-1.3812,0.4855,1.8666,-0.708,0.4799,-1.1893,0.6947,-0.2567,0.2409,0.4976,-0.0267,0.0049,0.0924,0.1276
12092026-204208-AM  Kent Butaya-ford_mustang_gt3-rt_sebring-imsa2026.ld,AM  Kent Butaya,ford_mustang_gt3,rt_sebring-imsa2026,1,122.969,Turn 4,3.883,-64.4598,2.2126,66.6724,-35.2118,-21.4048,2.2126,19.6612,98.7231,134.1512,35.4281,111.8693,121.432,134.1512,10.3451,0.0,76.387,76.387,8.8482,76.387,0.0,21.3928,0.1107,1.8518,1.7411,1.2202,1.1705,0.1107,0.3356,0.1107,1.8518,1.7411,1.2202,1.1705,0.1107,0.3356,-1.1937,0.5445,1.7382,0.1425,-1.1893,0.4907,0.4823,-0.3118,0.2564,0.5682,-0.0126,0.0924,0.1085,0.1155
12092026-204208-AM  Kent Butaya-ford_mustang_gt3-rt_sebring-imsa2026.ld,AM  Kent Butaya,ford_mustang_gt3,rt_sebring-imsa2026,1,122.969,Str 4-5,15.21,-7.1502,127.3183,134.4684,12.2978,2.2126,127.3183,27.4925,71.4379,241.6088,170.1709,181.458,134.1512,72.3593,46.3851,0.0,100.0,100.0,21.0783,0.0,0.0,39.3814,0.0,1.6764,1.6764,0.551,0.1107,1.5664,0.3989,-1.6764,0.3739,2.0503,-0.5145,0.1107,-1.5664,0.4451,-1.879,0.6447,2.5237,-0.1069,0.4907,0.0778,0.7179,-0.7056,0.7327,1.4383,0.0046,0.1085,0.113,0.1878
12092026-204208-AM  Kent Butaya-ford_mustang_gt3-rt_sebring-imsa2026.ld,AM  Kent Butaya,ford_mustang_gt3,rt_sebring-imsa2026,1,122.969,Turn 5,2.041,11.7197,132.4234,120.7037,94.1059,127.3183,11.7197,40.0426,72.3593,92.3538,19.9945,80.651,72.3593,92.3538,5.4071,0.0,0.0,0.0,0.0,0.0,0.0,0.0,0.8006,1.7105,0.9098,1.3579,1.5664,1.0259,0.1923,-1.7105,-0.8006,0.9098,-1.3579,-1.5664,-1.0259,0.1923,0.0778,0.684,0.6062,0.3013,0.0778,0.5422,0.1407,-0.2733,0.2688,0.542,-0.002,0.113,0.0398,0.1121
12092026-204208-AM  Kent Butaya-ford_mustang_gt3-rt_sebring-imsa2026.ld,AM  Kent Butaya,ford_mustang_gt3,rt_sebring-imsa2026,1,122.969,Str 5-6,9.124,-22.4456,23.4171,45.8627,2.1067,11.7197,-21.1008,9.7688,92.3538,212.9711,120.6173,163.7919,92.3538,212.9175,34.4703,0.0,0.0,0.0,0.0,0.0,0.0,0.0,0.0007,1.8669,1.8662,0.5857,1.0259,1.8669,0.3522,-1.5531,1.8669,3.42,-0.2563,-1.0259,1.8669,0.6295,-0.1365,0.8704,1.0069,0.3842,0.5422,-0.037,0.1667,-0.6736,0.5937,1.2674,0.0051,0.0398,0.2244,0.1698
12092026-204208-AM  Kent Butaya-ford_mustang_gt3-rt_sebring-imsa2026.ld,AM  Kent Butaya,ford_mustang_gt3,rt_sebring-imsa2026,1,122.969,Turn 6,1.023,-21.1008,-6.5862,14.5147,-12.2093,-21.1008,-6.5862,5.0936,212.5325,217.1956,4.663,214.2143,212.9175,217.1956,1.4484,0.0,0.0,0.0,0.0,0.0,0.0,0.0,0.6672,1.9771,1.3099,1.3265,1.8669,0.6672,0.3758,0.6672,1.9771,1.3099,1.3265,1.8669,0.6672,0.3758,-0.1746,0.2713,0.4459,0.1504,-0.037,0.2215,0.1297,-0.4879,0.4472,0.935,-0.0061,0.2244,-0.1765,0.2101
12092026-204208-AM  Kent Butaya-ford_mustang_gt3-rt_sebring-imsa2026.ld,AM  Kent Butaya,ford_mustang_gt3,rt_sebring-imsa2026,1,122.969,Str 6-7,5.215,-6.5862,80.8522,87.4383,8.4443,-6.5862,80.8522,16.4876,87.1907,231.4404,144.2497,176.69,217.1956,87.1907,52.5943,0.0,100.0,100.0,49.2471,0.0,0.0,47.8562,0.0008,1.341,1.3401,0.4017,0.6672,1.3359,0.3737,-1.341,0.6954,2.0364,-0.2632,0.6672,-1.3359,0.481,-1.8727,0.2354,2.1081,-0.6949,0.2215,-0.1263,0.8405,-0.636,0.4831,1.1191,-0.0229,-0.1765,-0.0805,0.1701
12092026-204208-AM  Kent Butaya-ford_mustang_gt3-rt_sebring-imsa2026.ld,AM  Kent Butaya,ford_mustang_gt3,rt_sebring-imsa2026,1,122.969,Turn 7,2.695,-89.7721,98.7923,188.5643,24.5883,80.8522,-16.7705,57.7458,82.2636,112.7719,30.5083,92.0007,87.1907,112.7719,8.8935,0.0,0.0,0.0,0.0,0.0,0.0,0.0,0.0427,1.8913,1.8486,1.0709,1.3359,0.4043,0.5149,-1.8913,0.4043,2.2955,-1.0416,-1.3359,0.4043,0.5618,-0.1882,0.7709,0.9591,0.3446,-0.1263,0.582,0.3075,-0.3691,0.2759,0.645,-0.0171,-0.0805,-0.0614,0.1178
12092026-204208-AM  Kent Butaya-ford_mustang_gt3-rt_sebring-imsa2026.ld,AM  Kent Butaya,ford_mustang_gt3,rt_sebring-imsa2026,1,122.969,Str 7-8,1.226,-26.4704,-16.7705,9.6999,-21.3692,-16.7705,-22.4237,2.4319,112.7719,136.8984,24.1265,125.0397,112.7719,136.8984,7.3097,0.0,0.0,0.0,0.0,0.0,0.0,0.0,0.4043,1.2294,0.8252,0.8213,0.4043,1.0624,0.1898,0.4043,1.2294,0.8252,0.8213,0.4043,1.0624,0.1898,0.4655,0.666,0.2005,0.5653,0.582,0.5133,0.038,-0.2165,0.2493,0.4658,0.0013,-0.0614,0.1145,0.1062
12092026-204208-AM  Kent Butaya-ford_mustang_gt3-rt_sebring-imsa2026.ld,AM  Kent Butaya,ford_mustang_gt3,rt_sebring-imsa2026,1,122.969,Turn 8,3.585,-28.9792,-6.3202,22.659,-20.0348,-22.4237,-6.3656,5.7994,136.8984,178.9133,42.0148,158.775,136.8984,178.9133,12.6006,0.0,0.0,0.0,0.0,0.0,0.0,0.0,0.4723,2.0189,1.5466,1.1986,1.0624,0.4794,0.2715,0.4723,2.0189,1.5466,1.1986,1.0624,0.4794,0.2715,-0.143,0.5769,0.7199,0.3647,0.5133,0.3389,0.1472,-0.5981,0.4634,1.0615,-0.0172,0.1145,-0.2842,0.166
12092026-204208-AM  Kent Butaya-ford_mustang_gt3-rt_sebring-imsa2026.ld,AM  Kent Butaya,ford_mustang_gt3,rt_sebring-imsa2026,1,122.969,Str 8-9,1.616,-7.1315,14.1544,21.2859,6.2814,-6.3656,11.6648,7.9055,178.9133,196.338,17.4247,188.0435,178.9133,196.338,5.1678,0.0,0.0,0.0,0.0,0.0,0.0,0.0,0.0202,1.459,1.4387,0.7592,0.4794,1.1934,0.3809,-1.459,0.5916,2.0505,-0.4723,0.4794,-1.1934,0.7092,0.2593,0.368,0.1086,0.3184,0.3389,0.3036,0.0212,-0.3354,0.408,0.7434,-0.0196,-0.2842,-0.0121,0.1696
12092026-204208-AM  Kent Butaya-ford_mustang_gt3-rt_sebring-imsa2026.ld,AM  Kent Butaya,ford_mustang_gt3,rt_sebring-imsa2026,1,122.969,Turn 9,0.79,1.6524,11.6648,10.0124,6.3884,11.6648,3.4951,3.3002,179.5339,199.6534,20.1196,193.8139,196.338,179.5339,5.991,0.0,100.0,100.0,49.0026,0.0,100.0,47.511,0.5159,1.3589,0.8431,0.9056,1.1934,0.7407,0.2489,-1.3589,-0.5159,0.8431,-0.9056,-1.1934,-0.7407,0.2489,-1.7608,0.314,2.0748,-0.5783,0.3036,-1.4935,0.9109,-0.2657,0.2399,0.5057,-0.0112,-0.0121,0.0109,0.1279
12092026-204208-AM  Kent Butaya-ford_mustang_gt3-rt_sebring-imsa2026.ld,AM  Kent Butaya,ford_mustang_gt3,rt_sebring-imsa2026,1,122.969,Str 9-10,2.253,-3.0217,55.7536,58.7753,22.7664,3.4951,55.5357,19.8579,102.9949,179.5339,76.539,128.1332,179.5339,104.3284,25.2833,0.0,100.0,100.0,59.5284,100.0,0.0,44.2621,0.0733,1.7018,1.6285,0.8286,0.7407,1.1122,0.48,-1.7018,-0.0733,1.6285,-0.8286,-0.7407,-1.1122,0.48,-1.725,0.2875,2.0125,-0.9196,-1.4935,0.2045,0.6862,-0.454,0.2431,0.6971,-0.0521,0.0109,-0.2489,0.1265
12092026-204208-AM  Kent Butaya-ford_mustang_gt3-rt_sebring-imsa2026.ld,AM  Kent Butaya,ford_mustang_gt3,rt_sebring-imsa2026,1,122.969,Turn 10,2.44,14.9342,68.1853,53.2511,40.755,55.5357,18.5642,20.2764,104.3284,132.2752,27.9468,113.6996,104.3284,132.2752,8.724,0.0,0.0,0.0,0.0,0.0,0.0,0.0,0.646,2.0744,1.4284,1.2484,1.1122,1.0459,0.3418,-2.0744,-0.646,1.4284,-1.2484,-1.1122,-1.0459,0.3418,-0.0359,0.7121,0.7481,0.353,0.2045,0.5655,0.2242,-0.3949,0.7276,1.1225,-0.0003,-0.2489,-0.036,0.19
12092026-204208-AM  Kent Butaya-ford_mustang_gt3-rt_sebring-imsa2026.ld,AM  Kent Butaya,ford_mustang_gt3,rt_sebring-imsa2026,1,122.969,Str 10-11,7.292,-20.1577,18.5642,38.7219,-1.8097,18.5642,-13.5333,6.288,132.2752,215.6532,83.378,180.0528,132.2752,215.6532,24.6635,0.0,0.0,0.0,0.0,0.0,0.0,0.0,0.0001,1.7002,1.7,0.3093,1.0459,1.3523,0.4036,-1.1678,1.7002,2.8679,0.0684,-1.0459,1.3523,0.5028,-0.2024,0.5826,0.785,0.327,0.5655,0.2011,0.1303,-0.5202,0.5603,1.0805,-0.0003,-0.036,0.134,0.1926
12092026-204208-AM  Kent Butaya-ford_mustang_gt3-rt_sebring-imsa2026.ld,AM  Kent Butaya,ford_mustang_gt3,rt_sebring-imsa2026,1,122.969,Turn 11,0.814,-19.2311,-7.5161,11.715,-13.509,-13.5333,-12.7621,3.3275,215.6532,220.7401,5.0869,218.1969,215.6532,220.7401,1.5682,0.0,0.0,0.0,0.0,0.0,0.0,0.0,1.0179,1.4959,0.4781,1.2461,1.3523,1.1244,0.1467,1.0179,1.4959,0.4781,1.2461,1.3523,1.1244,0.1467,0.1438,0.2573,0.1135,0.206,0.2011,0.1844,0.0242,-0.382,0.4534,0.8355,-0.07,0.134,-0.094,0.2324
12092026-204208-AM  Kent Butaya-ford_mustang_gt3-rt_sebring-imsa2026.ld,AM  Kent Butaya,ford_mustang_gt3,rt_sebring-imsa2026,1,122.969,Str 11-12,0.716,-19.0838,-9.2855,9.7984,-13.6934,-12.7621,-16.1111,3.0389,220.7401,225.2533,4.5132,223.0636,220.7401,225.2533,1.3772,0.0,0.0,0.0,0.0,0.0,0.0,0.0,1.0291,1.3812,0.3521,1.1651,1.1244,1.3768,0.0891,1.0291,1.3812,0.3521,1.1651,1.1244,1.3768,0.0891,0.1624,0.2367,0.0743,0.1979,0.1844,0.2025,0.0162,-0.257,0.1273,0.3843,-0.0194,-0.094,-0.0714,0.0926
12092026-204208-AM  Kent Butaya-ford_mustang_gt3-rt_sebring-imsa2026.ld,AM  Kent Butaya,ford_mustang_gt3,rt_sebring-imsa2026,1,122.969,Turn 12,1.673,-21.7551,-3.3116,18.4435,-12.2103,-16.1111,-3.3116,4.1169,225.2533,234.2842,9.0309,229.7043,225.2533,234.2842,2.6189,0.0,0.0,0.0,0.0,0.0,0.0,0.0,0.6082,1.9991,1.3909,1.305,1.3768,0.7757,0.2799,0.6082,1.9991,1.3909,1.305,1.3768,0.7757,0.2799,0.0226,0.2873,0.2648,0.1863,0.2025,0.1395,0.0355,-0.9515,0.6392,1.5907,-0.0464,-0.0714,0.0693,0.2754
12092026-204208-AM  Kent Butaya-ford_mustang_gt3-rt_sebring-imsa2026.ld,AM  Kent Butaya,ford_mustang_gt3,rt_sebring-imsa2026,1,122.969,Str 12-13,1.775,-3.3116,18.1644,21.476,7.4458,-3.3116,18.1644,6.6352,150.4059,235.1218,84.7159,196.7166,234.2842,150.4059,27.8201,0.0,100.0,100.0,85.314,0.0,100.0,33.7243,0.0087,1.4009,1.3922,0.703,0.7757,1.4009,0.3781,-1.4009,0.7757,2.1765,-0.5686,0.7757,-1.4009,0.5616,-1.8989,0.2151,2.114,-1.3015,0.1395,-1.4461,0.5847,-0.4356,0.4445,0.88,-0.0195,0.0693,0.0794,0.1837
12092026-204208-AM  Kent Butaya-ford_mustang_gt3-rt_sebring-imsa2026.ld,AM  Kent Butaya,ford_mustang_gt3,rt_sebring-imsa2026,1,122.969,Turn 13,2.893,11.8601,41.8242,29.9641,31.5759,18.1644,15.188,9.4777,130.7054,150.4059,19.7005,136.919,150.4059,146.573,4.943,0.0,100.0,100.0,9.6182,100.0,0.0,27.2936,0.7015,1.813,1.1115,1.4459,1.4009,1.1291,0.1857,-1.813,-0.7015,1.1115,-1.4459,-1.4009,-1.1291,0.1857,-1.4661,0.5619,2.028,0.0243,-1.4461,0.5619,0.4867,-0.4569,0.2948,0.7516,-0.0454,0.0794,0.1493,0.1125
12092026-204208-AM  Kent Butaya-ford_mustang_gt3-rt_sebring-imsa2026.ld,AM  Kent Butaya,ford_mustang_gt3,rt_sebring-imsa2026,1,122.969,Str 13-14,3.783,-36.1973,62.2538,98.4511,8.7937,15.188,62.2538,28.5437,105.3269,166.0228,60.6959,143.0324,146.573,105.3508,20.8082,0.0,98.4333,98.4333,28.4476,0.0,0.0,41.5526,0.0434,2.2331,2.1897,1.1386,1.1291,1.4918,0.4602,-1.618,2.2331,3.8511,0.084,-1.1291,-1.4918,1.2256,-1.7252,0.5677,2.2929,-0.2456,0.5619,0.1223,0.7595,-0.5971,0.7883,1.3854,-0.0191,0.1493,-0.0858,0.2056
12092026-204208-AM  Kent Butaya-ford_mustang_gt3-rt_sebring-imsa2026.ld,AM  Kent Butaya,ford_mustang_gt3,rt_sebring-imsa2026,1,122.969,Turn 14,26.542,-6.4163,62.2538,68.6701,12.8198,62.2538,6.6726,18.1707,105.3508,256.543,151.1922,183.5241,105.3508,181.3899,45.23,0.0,100.0,100.0,8.798,0.0,0.0,27.6952,0.0001,2.1214,2.1213,0.6746,1.4918,0.6246,0.6427,-2.1214,0.3768,2.4982,-0.6366,-1.4918,-0.6246,0.6805,-2.1793,0.7316,2.911,0.1045,0.1223,0.2989,0.5144,-0.7313,0.5981,1.3294,-0.0135,-0.0858,-0.0297,0.1706
12092026-204208-AM  Kent Butaya-ford_mustang_gt3-rt_sebring-imsa2026.ld,AM  Kent Butaya,ford_mustang_gt3,rt_sebring-imsa2026,1,122.969,Str 0-1 (Start),4.129,-5.2374,6.6726,11.91,-0.7684,6.6726,-0.7073,2.9384,181.3899,219.3372,37.9473,202.2113,181.3899,219.3372,11.1605,0.0,0.0,0.0,0.0,0.0,0.0,0.0,0.0028,0.7051,0.7023,0.2371,0.6246,0.2,0.1743,-0.7051,0.3536,1.0588,-0.0404,-0.6246,0.2,0.2919,-0.1525,0.4373,0.5898,0.2657,0.2989,0.226,0.0784,-0.7304,0.5537,1.2841,-0.006,-0.0297,0.2172,0.2341
12092026-204652-AM  Kent Butaya-ford_mustang_gt3-rt_sebring-imsa2026.ld,AM  Kent Butaya,ford_mustang_gt3,rt_sebring-imsa2026,1,122.709,Str 0-1 (End),7.273,-32.9307,1.8629,34.7936,-7.1394,-1.4005,-32.9307,9.4201,156.3347,247.1257,90.791,224.1727,215.6302,156.3347,22.1669,0.0,100.0,100.0,24.0638,0.0,41.2206,40.6116,0.0011,1.8774,1.8763,0.4895,0.1206,1.5922,0.5593,-0.399,1.8774,2.2764,0.3948,0.1206,1.5922,0.6296,-2.1372,0.2964,2.4336,-0.2225,0.2343,-0.6688,0.6727,-0.6774,0.6224,1.2998,-0.018,0.2109,-0.0554,0.2463
12092026-204652-AM  Kent Butaya-ford_mustang_gt3-rt_sebring-imsa2026.ld,AM  Kent Butaya,ford_mustang_gt3,rt_sebring-imsa2026,1,122.709,Turn 1,3.573,-44.4756,119.9618,164.4374,-4.2733,-32.9307,-21.6403,45.9468,145.0489,171.3387,26.2898,155.1934,156.3347,171.3387,7.9676,0.0,41.2206,41.2206,1.3867,41.2206,0.0,6.5753,0.6536,2.1054,1.4518,1.3549,1.5922,1.56,0.3105,0.6536,2.1054,1.4518,1.3549,1.5922,1.56,0.3105,-0.6688,0.5185,1.1874,0.2138,-0.6688,0.3091,0.2318,-0.5407,0.4314,0.9721,-0.0326,-0.0554,0.1312,0.1949
12092026-204652-AM  Kent Butaya-ford_mustang_gt3-rt_sebring-imsa2026.ld,AM  Kent Butaya,ford_mustang_gt3,rt_sebring-imsa2026,1,122.709,Str 1-2,6.658,-71.6158,14.4527,86.0685,-9.878,-21.6403,-71.6158,18.6983,105.0419,210.4327,105.3907,171.0951,171.3387,105.0419,34.4356,0.0,100.0,100.0,27.7407,0.0,0.0,43.7387,0.0004,2.0416,2.0412,0.639,1.56,1.5136,0.5073,-1.5993,2.0416,3.6409,0.2305,1.56,1.5136,0.7823,-1.7973,0.4108,2.2081,-0.2693,0.3091,-0.1767,0.8121,-0.6892,1.079,1.7682,-0.0015,0.1312,-0.0578,0.2384
12092026-204652-AM  Kent Butaya-ford_mustang_gt3-rt_sebring-imsa2026.ld,AM  Kent Butaya,ford_mustang_gt3,rt_sebring-imsa2026,1,122.709,Turn 2,2.375,-72.196,25.7043,97.9002,-34.7618,-71.6158,25.7043,28.3105,100.3389,118.9859,18.647,106.577,105.0419,118.9859,5.497,0.0,0.0,0.0,0.0,0.0,0.0,0.0,0.0025,1.8668,1.8643,1.1787,1.5136,0.5974,0.504,-0.5974,1.8668,2.4642,1.1063,1.5136,-0.5974,0.6327,-0.1957,0.5106,0.7062,0.2141,-0.1767,0.3024,0.2289,-0.4541,0.5205,0.9746,-0.0308,-0.0578,-0.1818,0.1616
12092026-204652-AM  Kent Butaya-ford_mustang_gt3-rt_sebring-imsa2026.ld,AM  Kent Butaya,ford_mustang_gt3,rt_sebring-imsa2026,1,122.709,Str 2-3,0.694,21.5092,26.5728,5.0636,24.5602,25.7043,25.827,1.8073,118.9859,123.3837,4.3978,121.8241,118.9859,123.3837,1.4952,0.0,0.0,0.0,0.0,0.0,0.0,0.0,0.5974,1.5463,0.9488,0.9556,0.5974,1.2032,0.2406,-1.5463,-0.5974,0.9488,-0.9556,-0.5974,-1.2032,0.2406,-0.0216,0.5492,0.5708,0.2208,0.3024,0.3114,0.1568,-0.6428,1.2738,1.9166,-0.1615,-0.1818,-0.2639,0.4421
12092026-204652-AM  Kent Butaya-ford_mustang_gt3-rt_sebring-imsa2026.ld,AM  Kent Butaya,ford_mustang_gt3,rt_sebring-imsa2026,1,122.709,Turn 3,0.832,-15.66,30.9561,46.6161,16.7609,25.827,-15.66,13.4844,123.3837,137.469,14.0853,129.9034,123.3837,137.469,4.4161,0.0,0.0,0.0,0.0,0.0,0.0,0.0,0.1153,2.576,2.4607,1.1516,1.2032,0.1153,0.5308,-2.576,-0.1153,2.4607,-1.1516,-1.2032,-0.1153,0.5308,0.3114,0.6296,0.3182,0.5282,0.3114,0.5589,0.0752,-0.5415,1.3541,1.8956,0.0676,-0.2639,-0.0953,0.4181
12092026-204652-AM  Kent Butaya-ford_mustang_gt3-rt_sebring-imsa2026.ld,AM  Kent Butaya,ford_mustang_gt3,rt_sebring-imsa2026,1,122.709,Str 3-4,0.776,-36.9492,-15.66,21.2891,-24.4506,-15.66,-36.9492,4.8249,123.3931,142.0846,18.6915,136.0954,137.469,123.3931,5.344,0.0,100.0,100.0,52.1887,0.0,100.0,47.0974,0.0287,1.4592,1.4305,0.8569,0.1153,1.4478,0.3343,-0.1153,1.4592,1.5745,0.8499,-0.1153,1.4478,0.3523,-1.6526,0.5692,2.2217,-0.4975,0.5589,-1.3527,0.8387,-0.3174,0.2903,0.6077,-0.0179,-0.0953,0.2204,0.1501
12092026-204652-AM  Kent Butaya-ford_mustang_gt3-rt_sebring-imsa2026.ld,AM  Kent Butaya,ford_mustang_gt3,rt_sebring-imsa2026,1,122.709,Turn 4,3.904,-68.3887,21.0721,89.4609,-41.0339,-36.9492,0.6126,25.0451,95.0204,138.6884,43.668,112.8341,123.3931,138.6884,12.4627,0.0,100.0,100.0,14.3964,100.0,0.0,33.0688,0.0367,1.9007,1.8639,1.291,1.4478,0.3983,0.3871,-0.407,1.9007,2.3077,1.2444,1.4478,-0.3983,0.5094,-1.3527,0.6811,2.0338,0.167,-1.3527,0.5329,0.5933,-0.5146,0.4266,0.9413,-0.018,0.2204,0.0935,0.1274
12092026-204652-AM  Kent Butaya-ford_mustang_gt3-rt_sebring-imsa2026.ld,AM  Kent Butaya,ford_mustang_gt3,rt_sebring-imsa2026,1,122.709,Str 4-5,15.291,-6.9328,149.342,156.2748,13.9884,0.6126,147.0896,32.864,68.3689,240.9602,172.5913,180.5422,138.6884,68.3689,47.8072,0.0,100.0,100.0,20.8115,0.0,0.0,39.6625,0.0009,1.7197,1.7188,0.5481,0.3983,1.6283,0.4046,-1.7197,0.2533,1.973,-0.5148,-0.3983,-1.6283,0.4462,-1.9729,0.537,2.5099,-0.1252,0.5329,-0.0752,0.7206,-0.5918,0.6275,1.2193,-0.0026,0.0935,0.0783,0.1684
12092026-204652-AM  Kent Butaya-ford_mustang_gt3-rt_sebring-imsa2026.ld,AM  Kent Butaya,ford_mustang_gt3,rt_sebring-imsa2026,1,122.709,Turn 5,1.959,21.2879,147.0896,125.8017,63.5467,147.0896,21.2879,36.3555,68.3326,97.6031,29.2705,80.9383,68.3689,97.6031,8.5775,0.0,0.0,0.0,0.0,0.0,0.0,0.0,0.6767,1.6562,0.9796,1.2134,1.6283,0.76,0.2721,-1.6562,-0.6767,0.9796,-1.2134,-1.6283,-0.76,0.2721,-0.0752,0.7043,0.7795,0.4364,-0.0752,0.5774,0.1674,-0.2974,0.2765,0.5739,-0.0081,0.0783,-0.0711,0.1259
12092026-204652-AM  Kent Butaya-ford_mustang_gt3-rt_sebring-imsa2026.ld,AM  Kent Butaya,ford_mustang_gt3,rt_sebring-imsa2026,1,122.709,Str 5-6,8.985,-18.416,22.3044,40.7205,3.1679,21.2879,-18.416,9.7553,97.6031,213.2007,115.5976,166.5254,97.6031,213.2007,33.2737,0.0,0.0,0.0,0.0,0.0,0.0,0.0,0.0038,1.6205,1.6166,0.6555,0.76,1.6205,0.3371,-1.4904,1.6205,3.1109,-0.2852,-0.76,1.6205,0.6764,-0.1578,0.822,0.9798,0.3719,0.5774,0.1591,0.1637,-0.6278,0.5474,1.1752,0.0045,-0.0711,0.217,0.164
12092026-204652-AM  Kent Butaya-ford_mustang_gt3-rt_sebring-imsa2026.ld,AM  Kent Butaya,ford_mustang_gt3,rt_sebring-imsa2026,1,122.709,Turn 6,1.012,-18.416,-2.3073,16.1088,-11.1152,-18.416,-2.6891,5.4474,213.2007,219.6697,6.469,216.3629,213.2007,219.6697,1.912,0.0,0.0,0.0,0.0,0.0,0.0,0.0,0.4302,1.7161,1.2859,1.2039,1.6205,0.4302,0.3455,0.4302,1.7161,1.2859,1.2039,1.6205,0.4302,0.3455,0.1366,0.2624,0.1258,0.2107,0.1591,0.2019,0.0213,-0.4848,0.2923,0.7771,-0.0018,0.217,-0.21,0.1923
12092026-204652-AM  Kent Butaya-ford_mustang_gt3-rt_sebring-imsa2026.ld,AM  Kent Butaya,ford_mustang_gt3,rt_sebring-imsa2026,1,122.709,Str 6-7,5.201,-6.8165,82.765,89.5815,13.2273,-2.6891,82.765,25.2613,87.1433,233.3561,146.2127,176.9915,219.6697,87.1433,53.6027,0.0,100.0,100.0,49.9616,0.0,0.0,48.6801,0.0005,1.8401,1.8396,0.399,0.4302,1.3875,0.4948,-1.8401,0.5438,2.3839,-0.2848,0.4302,-1.3875,0.568,-1.8154,0.2399,2.0553,-0.7026,0.2019,-0.1302,0.8302,-0.5667,0.6014,1.168,-0.0279,-0.21,-0.164,0.1767
12092026-204652-AM  Kent Butaya-ford_mustang_gt3-rt_sebring-imsa2026.ld,AM  Kent Butaya,ford_mustang_gt3,rt_sebring-imsa2026,1,122.709,Turn 7,2.496,-12.511,84.2775,96.7886,44.8407,82.765,-2.8465,36.0401,86.597,120.062,33.4651,98.968,87.1433,120.062,10.2948,0.0,0.0,0.0,0.0,0.0,0.0,0.0,0.3833,1.7522,1.369,1.1732,1.3875,0.3833,0.3595,-1.7522,-0.3833,1.369,-1.1732,-1.3875,-0.3833,0.3595,-0.1335,0.7403,0.8738,0.4041,-0.1302,0.5867,0.2111,-0.4576,0.3585,0.8161,-0.02,-0.164,0.0133,0.1414
12092026-204652-AM  Kent Butaya-ford_mustang_gt3-rt_sebring-imsa2026.ld,AM  Kent Butaya,ford_mustang_gt3,rt_sebring-imsa2026,1,122.709,Str 7-8,1.17,-33.1926,-2.8465,30.3461,-25.0986,-2.8465,-29.4561,7.7261,120.062,140.7157,20.6537,131.3546,120.062,140.7157,6.4387,0.0,0.0,0.0,0.0,0.0,0.0,0.0,0.0099,1.5617,1.5517,0.9398,0.3833,1.3739,0.4218,-0.3833,1.5617,1.9449,0.9022,-0.3833,1.3739,0.4989,-0.1468,0.6506,0.7974,0.501,0.5867,-0.1466,0.108,-0.2588,0.2179,0.4766,0.0035,0.0133,0.0994,0.0998
12092026-204652-AM  Kent Butaya-ford_mustang_gt3-rt_sebring-imsa2026.ld,AM  Kent Butaya,ford_mustang_gt3,rt_sebring-imsa2026,1,122.709,Turn 8,3.517,-34.9244,0.2148,35.1392,-22.2492,-29.4561,0.2148,8.2142,140.7157,181.0985,40.3828,161.7302,140.7157,181.0985,12.0119,0.0,0.0,0.0,0.0,0.0,0.0,0.0,0.3451,1.8701,1.525,1.276,1.3739,0.3451,0.3001,0.3451,1.8701,1.525,1.276,1.3739,0.3451,0.3001,-0.1466,0.6099,0.7565,0.3617,-0.1466,0.3046,0.1225,-0.4888,0.4211,0.9099,-0.0186,0.0994,-0.3247,0.1555
12092026-204652-AM  Kent Butaya-ford_mustang_gt3-rt_sebring-imsa2026.ld,AM  Kent Butaya,ford_mustang_gt3,rt_sebring-imsa2026,1,122.709,Str 8-9,1.6,-2.8703,14.9342,17.8045,5.6713,0.2148,6.7002,5.5279,181.0985,198.3486,17.25,189.8855,181.0985,198.3486,5.1105,0.0,0.0,0.0,0.0,0.0,0.0,0.0,0.0149,1.306,1.2911,0.5736,0.3451,0.5867,0.4319,-1.306,0.3451,1.6511,-0.5304,0.3451,-0.5867,0.4851,0.2437,0.3919,0.1481,0.3157,0.3046,0.2827,0.0246,-0.3247,0.4398,0.7645,-0.0187,-0.3247,-0.0196,0.1787
12092026-204652-AM  Kent Butaya-ford_mustang_gt3-rt_sebring-imsa2026.ld,AM  Kent Butaya,ford_mustang_gt3,rt_sebring-imsa2026,1,122.709,Turn 9,0.768,4.0092,10.0545,6.0454,6.4643,6.7002,8.4173,1.7456,189.9752,202.9531,12.9779,199.3352,198.3486,189.9752,2.8484,0.0,100.0,100.0,32.1927,0.0,100.0,42.472,0.5383,0.8316,0.2933,0.6944,0.5867,0.7759,0.0883,-0.8316,-0.5383,0.2933,-0.6944,-0.5867,-0.7759,0.0883,-1.7257,0.317,2.0427,-0.3208,0.2827,-1.5579,0.8449,-0.2248,0.2604,0.4852,-0.0115,-0.0196,-0.0662,0.1191
12092026-204652-AM  Kent Butaya-ford_mustang_gt3-rt_sebring-imsa2026.ld,AM  Kent Butaya,ford_mustang_gt3,rt_sebring-imsa2026,1,122.709,Str 9-10,2.0,4.195,39.7899,35.5949,19.1739,8.4173,39.7899,10.9248,118.0159,189.9752,71.9593,144.1204,189.9752,119.3245,24.4718,0.0,100.0,100.0,68.8593,100.0,0.0,44.4871,0.6708,1.5524,0.8816,1.1119,0.7759,1.2776,0.2024,-1.5524,-0.6708,0.8816,-1.1119,-0.7759,-1.2776,0.2024,-1.583,0.1753,1.7583,-0.9519,-1.5579,0.1404,0.6525,-0.4521,0.2202,0.6723,-0.055,-0.0662,0.0273,0.1372
12092026-204652-AM  Kent Butaya-ford_mustang_gt3-rt_sebring-imsa2026.ld,AM  Kent Butaya,ford_mustang_gt3,rt_sebring-imsa2026,1,122.709,Turn 10,2.498,-154.8293,67.6234,222.4527,-10.3375,39.7899,24.675,72.4966,108.1781,119.5552,11.3771,112.5382,119.3245,116.9502,4.011,0.0,0.0,0.0,0.0,0.0,0.0,0.0,0.0114,2.2752,2.2638,1.3899,1.2776,0.0837,0.4654,-2.2752,0.0249,2.3001,-1.3892,-1.2776,-0.0837,0.4677,-0.2343,0.672,0.9062,0.1661,0.1404,0.613,0.2907,-0.3721,0.5128,0.8849,0.0127,0.0273,0.1121,0.1641
12092026-204652-AM  Kent Butaya-ford_mustang_gt3-rt_sebring-imsa2026.ld,AM  Kent Butaya,ford_mustang_gt3,rt_sebring-imsa2026,1,122.709,Str 10-11,7.679,-22.3444,24.9259,47.2703,-2.4249,24.675,-19.7578,7.5232,116.9502,209.837,92.8869,170.8465,116.9502,209.837,27.0324,0.0,0.0,0.0,0.0,0.0,0.0,0.0,0.003,1.7719,1.7689,0.2914,0.0837,1.5015,0.3793,-0.7382,1.7719,2.5101,0.1204,-0.0837,1.5015,0.462,-0.1437,0.6322,0.776,0.3459,0.613,0.1997,0.1538,-0.499,0.5232,1.0222,0.0029,0.1121,0.1011,0.1737
12092026-204652-AM  Kent Butaya-ford_mustang_gt3-rt_sebring-imsa2026.ld,AM  Kent Butaya,ford_mustang_gt3,rt_sebring-imsa2026,1,122.709,Turn 11,0.834,-24.4637,-2.9757,21.488,-14.0599,-19.7578,-5.335,7.4677,209.837,215.0169,5.1798,212.3862,209.837,215.0169,1.5443,0.0,0.0,0.0,0.0,0.0,0.0,0.0,0.7953,1.7107,0.9154,1.3484,1.5015,0.7953,0.2356,0.7953,1.7107,0.9154,1.3484,1.5015,0.7953,0.2356,0.1326,0.3129,0.1803,0.2144,0.1997,0.242,0.0319,-0.3445,0.4175,0.7619,-0.0575,0.1011,-0.1449,0.2186
12092026-204652-AM  Kent Butaya-ford_mustang_gt3-rt_sebring-imsa2026.ld,AM  Kent Butaya,ford_mustang_gt3,rt_sebring-imsa2026,1,122.709,Str 11-12,0.732,-12.4637,-4.4793,7.9844,-8.3217,-5.335,-10.0275,2.6982,215.0169,220.4447,5.4278,217.8003,215.0169,220.4447,1.6711,0.0,0.0,0.0,0.0,0.0,0.0,0.0,0.5273,0.849,0.3217,0.7168,0.7953,0.8425,0.1007,0.5273,0.849,0.3217,0.7168,0.7953,0.8425,0.1007,0.1612,0.252,0.0908,0.2147,0.242,0.2124,0.0175,-0.2357,0.1921,0.4278,-0.0165,-0.1449,-0.074,0.1132
12092026-204652-AM  Kent Butaya-ford_mustang_gt3-rt_sebring-imsa2026.ld,AM  Kent Butaya,ford_mustang_gt3,rt_sebring-imsa2026,1,122.709,Turn 12,1.704,-29.9844,3.8689,33.8533,-14.2339,-10.0275,3.8689,7.6481,220.4447,229.205,8.7604,225.1251,220.4447,229.205,2.3823,0.0,0.0,0.0,0.0,0.0,0.0,0.0,0.5919,2.3461,1.7542,1.3836,0.8425,0.5919,0.4301,0.5919,2.3461,1.7542,1.3836,0.8425,0.5919,0.4301,-0.0048,0.3751,0.3799,0.1873,0.2124,0.1929,0.0473,-0.7747,0.498,1.2727,-0.0451,-0.074,0.0235,0.2387
12092026-204652-AM  Kent Butaya-ford_mustang_gt3-rt_sebring-imsa2026.ld,AM  Kent Butaya,ford_mustang_gt3,rt_sebring-imsa2026,1,122.709,Str 12-13,1.834,-1.8168,26.635,28.4519,8.5594,3.8689,26.635,6.7037,143.2826,230.3124,87.0298,190.7482,229.205,143.2826,28.2174,0.0,100.0,100.0,86.7405,0.0,98.7714,32.5735,0.0472,1.4323,1.3851,0.6717,0.5919,1.2146,0.3687,-1.4323,0.5919,2.0242,-0.6263,0.5919,-1.2146,0.4421,-1.8404,0.211,2.0514,-1.291,0.1929,-1.408,0.5914,-0.4326,0.4954,0.928,-0.0271,0.0235,0.0676,0.1898
12092026-204652-AM  Kent Butaya-ford_mustang_gt3-rt_sebring-imsa2026.ld,AM  Kent Butaya,ford_mustang_gt3,rt_sebring-imsa2026,1,122.709,Turn 13,2.937,-9.8404,43.9636,53.804,30.2582,26.635,-9.8404,13.0307,130.2307,144.0641,13.8334,133.9217,143.2826,144.0641,3.8516,0.0,98.7714,98.7714,7.1991,98.7714,0.0,23.1606,0.5326,1.9097,1.3771,1.4112,1.2146,0.5326,0.2385,-1.9097,-0.5326,1.3771,-1.4112,-1.2146,-0.5326,0.2385,-1.4544,0.5013,1.9557,0.0619,-1.408,0.4513,0.4397,-0.4828,0.2448,0.7275,-0.0341,0.0676,-0.0586,0.1208
12092026-204652-AM  Kent Butaya-ford_mustang_gt3-rt_sebring-imsa2026.ld,AM  Kent Butaya,ford_mustang_gt3,rt_sebring-imsa2026,1,122.709,Str 13-14,3.707,-25.4217,43.7053,69.127,1.4878,-9.8404,43.7053,22.4096,115.6822,169.591,53.9088,145.6756,144.0641,115.6822,17.8009,0.0,97.9222,97.9222,23.9235,0.0,0.0,38.0234,0.0031,1.7025,1.6993,1.0529,0.5326,1.4226,0.4192,-1.7025,1.6531,3.3556,0.042,-0.5326,-1.4226,1.133,-1.7329,0.5502,2.2831,-0.1817,0.4513,-0.1009,0.7411,-0.3122,0.2931,0.6052,-0.0237,-0.0586,-0.1516,0.1236
12092026-204652-AM  Kent Butaya-ford_mustang_gt3-rt_sebring-imsa2026.ld,AM  Kent Butaya,ford_mustang_gt3,rt_sebring-imsa2026,1,122.709,Turn 14,26.418,-48.8769,72.7517,121.6286,12.5625,43.7053,5.2259,20.2411,115.5223,256.8236,141.3013,182.9511,115.6822,172.6732,45.2224,0.0,100.0,100.0,8.613,0.0,0.0,27.6331,0.0002,2.0541,2.054,0.6852,1.4226,0.6386,0.6559,-2.0541,0.2811,2.3352,-0.6422,-1.4226,-0.6386,0.6981,-1.7724,0.6825,2.4549,0.0878,-0.1009,0.4039,0.4888,-0.7985,0.565,1.3635,-0.0152,-0.1516,0.0845,0.1713
12092026-204652-AM  Kent Butaya-ford_mustang_gt3-rt_sebring-imsa2026.ld,AM  Kent Butaya,ford_mustang_gt3,rt_sebring-imsa2026,1,122.709,Str 0-1 (Start),4.282,-7.6768,5.2259,12.9028,-1.4218,5.2259,-2.5532,3.4689,172.6732,214.04,41.3668,194.7085,172.6732,213.8565,12.9099,0.0,0.0,0.0,0.0,0.0,0.0,0.0,0.0001,0.6653,0.6652,0.2508,0.6386,0.0549,0.1935,-0.6653,0.5439,1.2092,0.0046,-0.6386,0.0549,0.3179,-0.1656,0.4085,0.5742,0.2739,0.4039,-0.1519,0.0946,-0.6207,0.5141,1.1348,-0.0023,0.0845,-0.0046,0.2237
12092026-205903-AM  Kent Butaya-ford_mustang_gt3-rt_sebring-imsa2026.ld,AM  Kent Butaya,ford_mustang_gt3,rt_sebring-imsa2026,1,131.851,Str 0-1 (End),7.226,-31.1451,3.2512,34.3962,-6.0868,-2.2174,-27.1837,8.075,156.5028,248.4793,91.9765,225.3949,218.0342,156.5028,22.9594,0.0,100.0,100.0,23.7097,0.0,22.9004,40.4403,0.0004,1.9262,1.9258,0.4331,0.2372,1.8454,0.5037,-0.3067,1.9262,2.2328,0.3639,0.2372,1.8454,0.5556,-1.8118,0.2587,2.0705,-0.2245,0.2256,-0.5684,0.6732,-0.694,0.6634,1.3574,-0.0186,0.1857,0.0428,0.2488
12092026-205903-AM  Kent Butaya-ford_mustang_gt3-rt_sebring-imsa2026.ld,AM  Kent Butaya,ford_mustang_gt3,rt_sebring-imsa2026,1,131.851,Turn 1,3.646,-39.2458,175.5697,214.8155,6.2243,-27.1837,-22.6903,60.2987,149.61,167.2846,17.6746,154.8044,156.5028,167.2846,5.2392,0.0,22.9004,22.9004,0.4565,22.9004,0.0,2.7769,0.2544,2.0515,1.7971,1.4373,1.8454,1.5694,0.3649,0.2544,2.0515,1.7971,1.4373,1.8454,1.5694,0.3649,-0.5684,0.5316,1.1,0.234,-0.5684,0.3247,0.2003,-0.5247,0.4361,0.9608,-0.0372,0.0428,0.0829,0.1759
12092026-205903-AM  Kent Butaya-ford_mustang_gt3-rt_sebring-imsa2026.ld,AM  Kent Butaya,ford_mustang_gt3,rt_sebring-imsa2026,1,131.851,Str 1-2,6.709,-57.8348,15.4796,73.3144,-8.8674,-22.6903,-55.6934,17.6705,92.3693,209.3013,116.9319,169.8021,167.2846,96.3765,35.1849,0.0,100.0,100.0,32.164,0.0,0.0,45.8508,0.0034,7.0775,7.0741,0.6344,1.5694,1.3383,0.6178,-7.0775,1.5982,8.6757,0.1358,1.5694,1.3383,0.8747,-1.7963,2.3055,4.1018,-0.2813,0.3247,0.1666,0.8573,-0.4866,0.6459,1.1325,-0.0009,0.0829,-0.1119,0.1814
12092026-205903-AM  Kent Butaya-ford_mustang_gt3-rt_sebring-imsa2026.ld,AM  Kent Butaya,ford_mustang_gt3,rt_sebring-imsa2026,1,131.851,Turn 2,8.614,-88.9019,320.0,408.9019,201.0249,-55.6934,-22.3439,109.9296,1.0204,96.4108,95.3904,33.2094,96.3765,48.0413,26.9181,0.0,24.3504,24.3504,0.6489,0.0,0.0,3.4187,0.0,1.7923,1.7923,0.6291,1.3383,0.2552,0.5404,-1.3364,1.7923,3.1286,0.2578,1.3383,0.2552,0.7894,-0.1946,0.8786,1.0732,0.22,0.1666,0.5895,0.2365,-0.9098,0.9911,1.901,-0.0039,-0.1119,0.6964,0.2279
12092026-205903-AM  Kent Butaya-ford_mustang_gt3-rt_sebring-imsa2026.ld,AM  Kent Butaya,ford_mustang_gt3,rt_sebring-imsa2026,1,131.851,Str 2-3,1.418,-22.3439,25.59,47.9339,10.3698,-22.3439,10.907,11.8482,48.0413,87.6854,39.644,66.4787,48.0413,87.6854,12.1695,0.0,0.0,0.0,0.0,0.0,0.0,0.0,0.009,0.5311,0.522,0.2954,0.2552,0.4719,0.1624,-0.5311,0.2555,0.7865,-0.2219,0.2552,-0.4719,0.2549,0.1047,0.9501,0.8454,0.7885,0.5895,0.8605,0.1914,-0.5768,0.6964,1.2732,-0.0148,0.6964,0.0818,0.2016
12092026-205903-AM  Kent Butaya-ford_mustang_gt3-rt_sebring-imsa2026.ld,AM  Kent Butaya,ford_mustang_gt3,rt_sebring-imsa2026,1,131.851,Turn 3,1.129,-21.6926,11.1095,32.8022,-7.0355,10.907,-21.6926,10.2757,87.6854,109.9073,22.2219,98.095,87.6854,109.9073,6.8794,0.0,0.0,0.0,0.0,0.0,0.0,0.0,0.0192,0.5332,0.5139,0.3102,0.4719,0.5332,0.1654,-0.4986,0.5332,1.0318,0.1242,-0.4719,0.5332,0.33,-0.328,0.8605,1.1885,0.5592,0.8605,0.5915,0.2082,-0.1587,0.1654,0.3241,-0.0054,0.0818,-0.0294,0.0804
12092026-205903-AM  Kent Butaya-ford_mustang_gt3-rt_sebring-imsa2026.ld,AM  Kent Butaya,ford_mustang_gt3,rt_sebring-imsa2026,1,131.851,Str 3-4,0.91,-29.2749,-17.0839,12.1909,-24.9613,-21.6926,-23.5415,3.8061,109.9073,119.7954,9.8881,116.2489,109.9073,113.9178,3.2298,0.0,84.009,84.009,11.0665,0.0,84.009,20.8214,0.5332,1.1653,0.6321,0.8758,0.5332,1.096,0.1601,0.5332,1.1653,0.6321,0.8758,0.5332,1.096,0.1601,-1.3506,0.6208,1.9714,0.1062,0.5915,-1.3402,0.578,-0.3026,0.2376,0.5402,-0.0158,-0.0294,0.128,0.1259
12092026-205903-AM  Kent Butaya-ford_mustang_gt3-rt_sebring-imsa2026.ld,AM  Kent Butaya,ford_mustang_gt3,rt_sebring-imsa2026,1,131.851,Turn 4,3.936,-60.9114,121.6802,182.5916,-19.6395,-23.5415,-1.5107,45.1991,95.5527,134.0307,38.478,109.1562,113.9178,134.0307,11.6239,0.0,91.7778,91.7778,8.4121,84.009,0.0,24.6792,0.0017,1.5992,1.5975,1.1931,1.096,0.3962,0.2804,-0.4994,1.5992,2.0986,1.1533,1.096,-0.3962,0.4047,-1.3689,0.7082,2.0771,0.1969,-1.3402,0.5719,0.5075,-0.2888,0.2223,0.5111,-0.011,0.128,0.1087,0.1065
12092026-205903-AM  Kent Butaya-ford_mustang_gt3-rt_sebring-imsa2026.ld,AM  Kent Butaya,ford_mustang_gt3,rt_sebring-imsa2026,1,131.851,Str 4-5,15.267,-6.7738,142.8817,149.6555,12.5014,-1.5107,142.8817,28.4717,68.8013,241.4364,172.6351,180.9297,134.0307,68.8013,46.5593,0.0,100.0,100.0,20.6855,0.0,0.0,38.4478,0.0003,1.7522,1.7519,0.561,0.3962,1.7192,0.394,-1.7522,0.3232,2.0754,-0.5116,-0.3962,-1.7192,0.4564,-1.9716,0.5743,2.5459,-0.1125,0.5719,-0.2192,0.7102,-0.5071,0.5658,1.0728,0.0035,0.1087,0.1311,0.1632
12092026-205903-AM  Kent Butaya-ford_mustang_gt3-rt_sebring-imsa2026.ld,AM  Kent Butaya,ford_mustang_gt3,rt_sebring-imsa2026,1,131.851,Turn 5,2.107,15.3305,142.8817,127.5512,77.3221,142.8817,15.3305,48.1916,67.5204,96.1051,28.5848,78.4523,68.8013,96.1051,8.9817,0.0,0.0,0.0,0.0,0.0,0.0,0.0,0.5502,1.7192,1.169,1.2135,1.7192,0.7502,0.3376,-1.7192,-0.5502,1.169,-1.2135,-1.7192,-0.7502,0.3376,-0.2192,0.6973,0.9164,0.3959,-0.2192,0.6196,0.2312,-0.2452,0.2694,0.5146,-0.0012,0.1311,0.0502,0.1065
12092026-205903-AM  Kent Butaya-ford_mustang_gt3-rt_sebring-imsa2026.ld,AM  Kent Butaya,ford_mustang_gt3,rt_sebring-imsa2026,1,131.851,Str 5-6,9.053,-18.1011,20.7994,38.9006,3.1283,15.3305,-12.8384,9.1862,96.1051,212.9183,116.8132,165.2599,96.1051,212.9183,33.2284,0.0,0.0,0.0,0.0,0.0,0.0,0.0,0.0051,1.5149,1.5098,0.582,0.7502,1.3153,0.3587,-1.5149,1.3153,2.8302,-0.2737,-0.7502,1.3153,0.6239,-0.1546,0.8854,1.04,0.3758,0.6196,0.1835,0.1654,-0.6404,0.5363,1.1767,0.0041,0.0502,0.2588,0.1635
12092026-205903-AM  Kent Butaya-ford_mustang_gt3-rt_sebring-imsa2026.ld,AM  Kent Butaya,ford_mustang_gt3,rt_sebring-imsa2026,1,131.851,Turn 6,1.012,-13.2315,-10.1156,3.1159,-11.5923,-12.8384,-10.1156,1.0481,212.9183,219.6591,6.7407,216.308,212.9183,219.6591,2.0716,0.0,0.0,0.0,0.0,0.0,0.0,0.0,0.8156,1.3758,0.5602,1.1321,1.3153,0.9854,0.1599,0.8156,1.3758,0.5602,1.1321,1.3153,0.9854,0.1599,0.1508,0.2584,0.1076,0.2128,0.1835,0.2407,0.0215,-0.501,0.3921,0.8931,-0.0039,0.2588,-0.0904,0.2162
12092026-205903-AM  Kent Butaya-ford_mustang_gt3-rt_sebring-imsa2026.ld,AM  Kent Butaya,ford_mustang_gt3,rt_sebring-imsa2026,1,131.851,Str 6-7,5.057,-10.1156,87.5645,97.6801,12.7065,-10.1156,87.5645,26.0322,85.5572,233.5933,148.0361,182.389,219.6591,85.5572,50.6259,0.0,100.0,100.0,54.5254,0.0,0.0,48.2763,0.0075,1.5968,1.5893,0.4629,0.9854,1.4315,0.46,-1.5968,0.9877,2.5845,-0.225,0.9854,-1.4315,0.612,-1.8264,0.2605,2.0868,-0.7288,0.2407,-0.1284,0.8359,-0.5489,0.5877,1.1366,-0.0225,-0.0904,-0.1263,0.184
12092026-205903-AM  Kent Butaya-ford_mustang_gt3-rt_sebring-imsa2026.ld,AM  Kent Butaya,ford_mustang_gt3,rt_sebring-imsa2026,1,131.851,Turn 7,2.809,-93.1536,98.6265,191.7801,21.8386,87.5645,-16.4896,64.548,81.5982,109.7504,28.1522,90.4476,85.5572,109.7504,8.0029,0.0,0.0,0.0,0.0,0.0,0.0,0.0,0.0183,1.8338,1.8155,1.0877,1.4315,0.3105,0.514,-1.8338,0.569,2.4028,-1.0029,-1.4315,0.3105,0.6604,-0.1644,0.7198,0.8842,0.3639,-0.1284,0.5954,0.2467,-0.3651,0.28,0.645,-0.0229,-0.1263,-0.0366,0.1222
12092026-205903-AM  Kent Butaya-ford_mustang_gt3-rt_sebring-imsa2026.ld,AM  Kent Butaya,ford_mustang_gt3,rt_sebring-imsa2026,1,131.851,Str 7-8,1.257,-28.3157,-16.4896,11.8261,-23.5873,-16.4896,-20.5669,2.5691,109.7504,134.5953,24.8449,122.4725,109.7504,134.5953,7.3383,0.0,0.0,0.0,0.0,0.0,0.0,0.0,0.3105,1.1994,0.8889,0.8793,0.3105,1.0226,0.2133,0.3105,1.1994,0.8889,0.8793,0.3105,1.0226,0.2133,0.462,0.6375,0.1755,0.5698,0.5954,0.5275,0.038,-0.1762,0.2059,0.3821,-0.0004,-0.0366,0.0757,0.0907
12092026-205903-AM  Kent Butaya-ford_mustang_gt3-rt_sebring-imsa2026.ld,AM  Kent Butaya,ford_mustang_gt3,rt_sebring-imsa2026,1,131.851,Turn 8,3.611,-38.1802,3.2157,41.3959,-22.3492,-20.5669,3.2157,9.6979,134.5953,177.5426,42.9473,157.6381,134.5953,177.5426,12.5704,0.0,0.0,0.0,0.0,0.0,0.0,0.0,0.0179,1.925,1.9072,1.2246,1.0226,0.0307,0.3681,-0.0307,1.925,1.9557,1.224,1.0226,-0.0307,0.369,-0.129,0.5601,0.6892,0.3766,0.5275,0.3396,0.1282,-0.3152,0.2958,0.611,-0.0122,0.0757,-0.2932,0.11
12092026-205903-AM  Kent Butaya-ford_mustang_gt3-rt_sebring-imsa2026.ld,AM  Kent Butaya,ford_mustang_gt3,rt_sebring-imsa2026,1,131.851,Str 8-9,1.631,2.5589,15.4701,12.9112,7.7898,3.2157,14.302,3.5641,177.5426,195.4495,17.9069,186.9299,177.5426,195.4495,5.3591,0.0,0.0,0.0,0.0,0.0,0.0,0.0,0.0307,1.1953,1.1647,0.6696,0.0307,1.1876,0.2829,-1.1953,-0.0307,1.1647,-0.6696,-0.0307,-1.1876,0.2829,0.2658,0.3663,0.1005,0.3201,0.3396,0.3228,0.0224,-0.3552,0.433,0.7882,-0.0192,-0.2932,0.0531,0.1888
12092026-205903-AM  Kent Butaya-ford_mustang_gt3-rt_sebring-imsa2026.ld,AM  Kent Butaya,ford_mustang_gt3,rt_sebring-imsa2026,1,131.851,Turn 9,0.788,-0.9033,14.302,15.2053,6.0457,14.302,1.9366,4.9313,181.5856,199.2331,17.6475,194.4082,195.4495,181.5856,4.6723,0.0,100.0,100.0,44.2142,0.0,100.0,46.8699,0.3147,1.2731,0.9584,0.8176,1.1876,0.3784,0.3466,-1.2731,-0.3147,0.9584,-0.8176,-1.1876,-0.3784,0.3466,-1.7714,0.3314,2.1028,-0.4968,0.3228,-1.6258,0.9024,-0.2802,0.1827,0.4629,-0.0199,0.0531,-0.0072,0.1165
12092026-205903-AM  Kent Butaya-ford_mustang_gt3-rt_sebring-imsa2026.ld,AM  Kent Butaya,ford_mustang_gt3,rt_sebring-imsa2026,1,131.851,Str 9-10,2.192,-1.1997,64.5273,65.727,22.2031,1.9366,64.5273,18.914,107.0672,181.5856,74.5184,131.3252,181.5856,107.8537,25.0194,0.0,100.0,100.0,59.7925,100.0,0.0,45.4343,0.3092,1.6021,1.2929,0.8237,0.3784,1.349,0.4006,-1.6021,-0.3092,1.2929,-0.8237,-0.3784,-1.349,0.4006,-1.7289,0.2127,1.9416,-0.9318,-1.6258,0.0809,0.6911,-0.5963,0.2456,0.8419,-0.0445,-0.0072,-0.1294,0.1222
12092026-205903-AM  Kent Butaya-ford_mustang_gt3-rt_sebring-imsa2026.ld,AM  Kent Butaya,ford_mustang_gt3,rt_sebring-imsa2026,1,131.851,Turn 10,2.458,-56.5787,83.2288,139.8075,34.5388,64.5273,12.6408,39.2062,104.2268,130.3119,26.0851,112.8303,107.8537,130.3119,7.7821,0.0,0.0,0.0,0.0,0.0,0.0,0.0,0.5452,2.0886,1.5435,1.3177,1.349,1.0597,0.3917,-2.0886,-0.5452,1.5435,-1.3177,-1.349,-1.0597,0.3917,-0.2201,0.7786,0.9987,0.329,0.0809,0.5548,0.301,-0.2339,0.4157,0.6496,0.0077,-0.1294,-0.0378,0.1351
12092026-205903-AM  Kent Butaya-ford_mustang_gt3-rt_sebring-imsa2026.ld,AM  Kent Butaya,ford_mustang_gt3,rt_sebring-imsa2026,1,131.851,Str 10-11,7.317,-24.0194,12.6408,36.6602,-2.3605,12.6408,-12.5869,5.257,130.3119,215.2204,84.9085,179.3922,130.3119,215.2204,24.9268,0.0,0.0,0.0,0.0,0.0,0.0,0.0,0.0007,1.7139,1.7132,0.253,1.0597,1.2931,0.3808,-1.1116,1.7139,2.8255,0.0801,-1.0597,1.2931,0.4492,-0.162,0.6228,0.7847,0.331,0.5548,0.213,0.1365,-0.4901,0.5253,1.0154,0.0004,-0.0378,0.0539,0.1884
12092026-205903-AM  Kent Butaya-ford_mustang_gt3-rt_sebring-imsa2026.ld,AM  Kent Butaya,ford_mustang_gt3,rt_sebring-imsa2026,1,131.851,Turn 11,0.819,-27.4298,-11.1535,16.2763,-16.4628,-12.5869,-17.1217,4.8877,215.2204,220.0091,4.7887,217.6838,215.2204,220.0091,1.4821,0.0,0.0,0.0,0.0,0.0,0.0,0.0,0.9188,1.6641,0.7453,1.3499,1.2931,1.5196,0.2024,0.9188,1.6641,0.7453,1.3499,1.2931,1.5196,0.2024,0.0989,0.2817,0.1828,0.2017,0.213,0.1905,0.0309,-0.4765,0.4011,0.8776,-0.0726,0.0539,-0.0581,0.2305
12092026-205903-AM  Kent Butaya-ford_mustang_gt3-rt_sebring-imsa2026.ld,AM  Kent Butaya,ford_mustang_gt3,rt_sebring-imsa2026,1,131.851,Str 11-12,0.722,-17.6992,-11.6147,6.0845,-15.0378,-17.1217,-11.6147,1.7117,220.0091,224.1473,4.1382,222.0539,220.0091,224.1473,1.2455,0.0,0.0,0.0,0.0,0.0,0.0,0.0,1.2061,1.5428,0.3367,1.3982,1.5196,1.2864,0.108,1.2061,1.5428,0.3367,1.3982,1.5196,1.2864,0.108,0.1706,0.2195,0.0489,0.1978,0.1905,0.2013,0.0132,-0.2495,0.102,0.3516,-0.0321,-0.0581,-0.0897,0.0921
12092026-205903-AM  Kent Butaya-ford_mustang_gt3-rt_sebring-imsa2026.ld,AM  Kent Butaya,ford_mustang_gt3,rt_sebring-imsa2026,1,131.851,Turn 12,1.677,-25.1299,-2.8106,22.3193,-11.6657,-11.6147,-3.8959,6.1509,224.1473,233.1826,9.0353,229.0785,224.1473,233.1826,2.736,0.0,0.0,0.0,0.0,0.0,0.0,0.0,0.2855,2.1961,1.9107,1.2288,1.2864,1.3734,0.4875,0.2855,2.1961,1.9107,1.2288,1.2864,1.3734,0.4875,0.0307,0.3904,0.3597,0.1866,0.2013,0.2011,0.0415,-0.8505,0.5452,1.3957,-0.0304,-0.0897,0.0123,0.2604
12092026-205903-AM  Kent Butaya-ford_mustang_gt3-rt_sebring-imsa2026.ld,AM  Kent Butaya,ford_mustang_gt3,rt_sebring-imsa2026,1,131.851,Str 12-13,1.854,-3.8959,28.1104,32.0062,10.4083,-3.8959,28.1104,9.8588,140.9161,233.4953,92.5792,189.3064,233.1826,140.9161,29.2704,0.0,100.0,100.0,91.5221,0.0,100.0,25.6402,0.0127,1.3874,1.3748,0.7111,1.3734,1.3874,0.401,-1.3874,1.3734,2.7609,-0.4605,1.3734,-1.3874,0.6755,-1.888,0.2011,2.0891,-1.3594,0.2011,-1.1784,0.4882,-0.4142,0.4318,0.846,-0.0278,0.0123,0.0426,0.1943
12092026-205903-AM  Kent Butaya-ford_mustang_gt3-rt_sebring-imsa2026.ld,AM  Kent Butaya,ford_mustang_gt3,rt_sebring-imsa2026,1,131.851,Turn 13,2.995,-22.7316,47.1938,69.9253,23.5119,28.1104,2.4767,16.6296,121.891,148.7808,26.8898,132.0906,140.9161,148.7808,8.0514,0.0,100.0,100.0,9.5433,100.0,0.0,25.2276,0.833,2.0184,1.1854,1.3507,1.3874,0.8333,0.2527,-2.0184,-0.833,1.1854,-1.3507,-1.3874,-0.8333,0.2527,-1.3048,0.587,1.8918,0.1409,-1.1784,0.4237,0.4902,-0.2209,0.2553,0.4762,-0.0324,0.0426,-0.1041,0.0883
12092026-205903-AM  Kent Butaya-ford_mustang_gt3-rt_sebring-imsa2026.ld,AM  Kent Butaya,ford_mustang_gt3,rt_sebring-imsa2026,1,131.851,Str 13-14,3.691,-26.7641,42.8729,69.637,1.8694,2.4767,42.8729,23.4302,105.2797,171.1801,65.9004,147.044,148.7808,105.2797,21.716,0.0,94.5111,94.5111,32.8408,0.0,0.0,42.4451,0.0291,1.5852,1.5561,1.0462,0.8333,1.3546,0.3553,-1.4893,1.5852,3.0745,0.1463,-0.8333,-1.3546,1.0951,-1.6288,0.5431,2.1719,-0.3042,0.4237,-0.1144,0.7756,-0.2906,0.2689,0.5595,-0.0241,-0.1041,-0.1016,0.1149
12092026-205903-AM  Kent Butaya-ford_mustang_gt3-rt_sebring-imsa2026.ld,AM  Kent Butaya,ford_mustang_gt3,rt_sebring-imsa2026,1,131.851,Turn 14,27.635,-145.6299,50.8393,196.4692,8.5904,42.8729,-0.3979,25.4398,103.3066,248.8954,145.5888,176.7527,105.2797,170.1728,45.3843,0.0,100.0,100.0,6.8266,0.0,0.0,24.5018,0.0001,4.4434,4.4434,0.6569,1.3546,0.0884,0.6331,-4.4434,0.8441,5.2875,-0.591,-1.3546,0.0884,0.695,-1.7632,0.6622,2.4254,0.0958,-0.1144,0.4138,0.4602,-0.7419,0.9285,1.6704,-0.0133,-0.1016,0.1211,0.1579
12092026-205903-AM  Kent Butaya-ford_mustang_gt3-rt_sebring-imsa2026.ld,AM  Kent Butaya,ford_mustang_gt3,rt_sebring-imsa2026,1,131.851,Str 0-1 (Start),4.311,-4.6125,2.9505,7.563,-0.7683,-0.3979,-1.6233,1.499,170.1728,213.9435,43.7707,193.2384,170.1728,213.9039,13.2146,0.0,0.0,0.0,0.0,0.0,0.0,0.0,0.0005,0.3361,0.3356,0.0974,0.0884,0.0368,0.0755,-0.3361,0.1352,0.4713,-0.0472,0.0884,-0.0324,0.1142,-0.1428,0.4773,0.6201,0.2817,0.4138,0.1429,0.0996,-0.664,0.5175,1.1814,0.0087,0.1211,0.22,0.2398
12092026-205903-AM  Kent Butaya-ford_mustang_gt3-rt_sebring-imsa2026.ld,AM  Kent Butaya,ford_mustang_gt3,rt_sebring-imsa2026,2,126.221,Str 0-1 (End),7.236,-18.416,1.643,20.059,-5.0932,-1.6233,-18.1575,5.5028,162.1395,248.2331,86.0936,225.2167,213.9039,162.1395,19.0753,0.0,100.0,100.0,23.321,0.0,100.0,41.7424,0.0,1.9069,1.9068,0.4133,0.0368,1.3826,0.4842,-0.167,1.9069,2.0739,0.3811,-0.0324,1.3826,0.5099,-1.8921,0.269,2.161,-0.1939,0.1429,-1.1558,0.6807,-0.5987,0.6162,1.215,-0.012,0.22,-0.0391,0.236
12092026-205903-AM  Kent Butaya-ford_mustang_gt3-rt_sebring-imsa2026.ld,AM  Kent Butaya,ford_mustang_gt3,rt_sebring-imsa2026,2,126.221,Turn 1,3.964,-33.4761,-5.2453,28.2308,-25.4842,-18.1575,-5.2453,5.9274,133.6817,162.1395,28.4578,144.9295,162.1395,160.0697,8.1429,0.0,100.0,100.0,12.2381,100.0,0.0,31.5515,0.6037,1.9281,1.3244,1.3005,1.3826,0.8221,0.26,0.6037,1.9281,1.3244,1.3005,1.3826,0.8221,0.26,-1.3653,0.5166,1.8819,0.0259,-1.1558,0.3913,0.5047,-0.6444,0.4413,1.0858,-0.0315,-0.0391,-0.192,0.1587
12092026-205903-AM  Kent Butaya-ford_mustang_gt3-rt_sebring-imsa2026.ld,AM  Kent Butaya,ford_mustang_gt3,rt_sebring-imsa2026,2,126.221,Str 1-2,7.397,-54.7605,20.6619,75.4224,-9.4666,-5.2453,-54.7605,17.7637,82.8618,197.6652,114.8034,154.3238,160.0697,82.8618,37.5558,0.0,100.0,100.0,28.6878,0.0,0.0,44.4162,0.0019,1.6067,1.6048,0.489,0.8221,1.1746,0.4129,-1.6067,1.2739,2.8807,0.1412,0.8221,1.1746,0.6239,-1.7532,0.7088,2.462,-0.2825,0.3913,-0.0999,0.7684,-1.2335,1.3773,2.6108,-0.0031,-0.192,-0.0736,0.3895
12092026-205903-AM  Kent Butaya-ford_mustang_gt3-rt_sebring-imsa2026.ld,AM  Kent Butaya,ford_mustang_gt3,rt_sebring-imsa2026,2,126.221,Turn 2,2.693,-57.6813,31.043,88.7243,-19.9063,-54.7605,26.5828,35.876,82.0538,105.7823,23.7285,90.1055,82.8618,105.7823,6.0463,0.0,0.0,0.0,0.0,0.0,0.0,0.0,0.0252,2.2117,2.1865,0.9671,1.1746,0.7708,0.3974,-0.8512,2.2117,3.0629,0.6245,1.1746,-0.7708,0.8348,-0.2702,0.675,0.9452,0.2669,-0.0999,0.6498,0.2996,-0.657,1.2334,1.8903,-0.0223,-0.0736,-0.1213,0.2804
12092026-205903-AM  Kent Butaya-ford_mustang_gt3-rt_sebring-imsa2026.ld,AM  Kent Butaya,ford_mustang_gt3,rt_sebring-imsa2026,2,126.221,Str 2-3,0.781,26.5828,30.8536,4.2709,29.8218,26.5828,27.4271,1.2541,105.7823,121.4107,15.6285,113.5637,105.7823,121.4107,4.7242,0.0,0.0,0.0,0.0,0.0,0.0,0.0,0.7519,1.2812,0.5293,1.0452,0.7708,1.2555,0.1274,-1.2812,-0.7519,0.5293,-1.0452,-0.7708,-1.2555,0.1274,0.4508,0.6963,0.2454,0.5868,0.6498,0.5471,0.0465,-0.143,0.211,0.354,0.0172,-0.1213,0.0748,0.1055
12092026-205903-AM  Kent Butaya-ford_mustang_gt3-rt_sebring-imsa2026.ld,AM  Kent Butaya,ford_mustang_gt3,rt_sebring-imsa2026,2,126.221,Turn 3,0.85,-21.5139,27.4271,48.941,5.1524,27.4271,-21.5139,16.7891,121.4107,134.3394,12.9287,128.8017,121.4107,131.1952,4.3943,0.0,87.6511,87.6511,15.7433,0.0,87.6511,26.1706,0.0033,1.3116,1.3083,0.7978,1.2555,0.605,0.3769,-1.3116,0.605,1.9166,-0.6056,-1.2555,0.605,0.6248,-1.2083,0.7114,1.9198,0.3055,0.5471,-1.2083,0.5026,-0.141,0.2083,0.3493,-0.0036,0.0748,-0.0755,0.0823
12092026-205903-AM  Kent Butaya-ford_mustang_gt3-rt_sebring-imsa2026.ld,AM  Kent Butaya,ford_mustang_gt3,rt_sebring-imsa2026,2,126.221,Str 3-4,0.969,-43.3336,-20.6845,22.6491,-27.045,-21.5139,-43.3336,6.6652,102.0915,131.1952,29.1037,112.2213,131.1952,102.0915,9.725,0.0,94.3889,94.3889,52.7372,87.6511,0.0,39.013,0.605,1.3629,0.7578,1.0591,0.605,1.3159,0.1918,0.605,1.3629,0.7578,1.0591,0.605,1.3159,0.1918,-1.5829,-0.0968,1.4861,-0.8286,-1.2083,-0.152,0.5187,-0.2124,0.1557,0.3681,-0.0216,-0.0755,0.0907,0.0901
12092026-205903-AM  Kent Butaya-ford_mustang_gt3-rt_sebring-imsa2026.ld,AM  Kent Butaya,ford_mustang_gt3,rt_sebring-imsa2026,2,126.221,Turn 4,3.723,-65.1903,-5.8876,59.3027,-45.7757,-43.3336,-5.8876,18.9116,101.9131,138.0782,36.1651,116.3736,102.0915,138.0782,10.0982,0.0,0.0,0.0,0.0,0.0,0.0,0.0,0.1146,1.8235,1.7089,1.2487,1.3159,0.1963,0.3795,0.1146,1.8235,1.7089,1.2487,1.3159,0.1963,0.3795,-0.152,0.7513,0.9033,0.3026,-0.152,0.3486,0.142,-0.4553,0.5574,1.0127,-0.0162,0.0907,-0.4185,0.17
12092026-205903-AM  Kent Butaya-ford_mustang_gt3-rt_sebring-imsa2026.ld,AM  Kent Butaya,ford_mustang_gt3,rt_sebring-imsa2026,2,126.221,Str 4-5,15.123,-5.8876,98.7229,104.6105,9.7451,-5.8876,78.1698,19.4872,70.7854,242.3362,171.5508,182.1921,138.0782,72.3445,45.9533,0.0,100.0,100.0,21.3667,0.0,0.0,40.0778,0.001,1.8253,1.8243,0.5408,0.1963,1.587,0.4236,-1.8253,0.5009,2.3262,-0.5111,0.1963,-1.587,0.459,-1.9048,0.654,2.5588,-0.1139,0.3486,0.5241,0.7234,-0.9154,0.8854,1.8007,0.0004,-0.4185,0.1675,0.2099
12092026-205903-AM  Kent Butaya-ford_mustang_gt3-rt_sebring-imsa2026.ld,AM  Kent Butaya,ford_mustang_gt3,rt_sebring-imsa2026,2,126.221,Turn 5,1.958,25.3307,96.5772,71.2466,69.7427,78.1698,25.3307,18.5397,72.3445,92.1469,19.8024,82.8018,72.3445,92.1469,5.3155,0.0,0.0,0.0,0.0,0.0,0.0,0.0,0.9377,1.7105,0.7728,1.3676,1.587,1.1382,0.1766,-1.7105,-0.9377,0.7728,-1.3676,-1.587,-1.1382,0.1766,-0.0835,0.6622,0.7457,0.3309,0.5241,0.5109,0.1662,-0.3164,0.2589,0.5753,-0.0051,0.1675,-0.1252,0.1151
12092026-205903-AM  Kent Butaya-ford_mustang_gt3-rt_sebring-imsa2026.ld,AM  Kent Butaya,ford_mustang_gt3,rt_sebring-imsa2026,2,126.221,Str 5-6,9.201,-24.0729,25.3307,49.4036,2.9863,25.3307,-15.6002,10.0963,92.1469,212.8321,120.6853,162.7734,92.1469,212.8321,35.6195,0.0,0.0,0.0,0.0,0.0,0.0,0.0,0.0092,1.786,1.7769,0.666,1.1382,1.786,0.3657,-1.2937,1.786,3.0797,-0.2586,-1.1382,1.786,0.7111,-0.1693,1.2432,1.4125,0.3823,0.5109,0.2322,0.1747,-0.6976,0.6507,1.3483,0.0014,-0.1252,0.2617,0.1813
12092026-205903-AM  Kent Butaya-ford_mustang_gt3-rt_sebring-imsa2026.ld,AM  Kent Butaya,ford_mustang_gt3,rt_sebring-imsa2026,2,126.221,Turn 6,1.013,-15.6002,-7.6768,7.9233,-10.4884,-15.6002,-10.0806,2.0519,212.8321,220.0973,7.2652,216.4083,212.8321,220.0973,2.2603,0.0,0.0,0.0,0.0,0.0,0.0,0.0,0.7317,1.7986,1.0669,1.0958,1.786,0.8716,0.2726,0.7317,1.7986,1.0669,1.0958,1.786,0.8716,0.2726,0.1523,0.2596,0.1072,0.2224,0.2322,0.2233,0.0192,-0.5603,0.337,0.8972,-0.0004,0.2617,-0.1177,0.1896
12092026-205903-AM  Kent Butaya-ford_mustang_gt3-rt_sebring-imsa2026.ld,AM  Kent Butaya,ford_mustang_gt3,rt_sebring-imsa2026,2,126.221,Str 6-7,5.112,-13.2958,62.5006,75.7964,6.7486,-10.0806,62.5006,18.1316,73.2959,234.1828,160.8869,179.1333,220.0973,73.2959,54.0394,0.0,100.0,100.0,58.4539,0.0,1.2962,48.1281,0.0002,1.4045,1.4043,0.4202,0.8716,1.2122,0.3627,-1.4045,1.0369,2.4414,-0.2007,0.8716,-1.2122,0.5171,-1.8877,0.2558,2.1435,-0.7988,0.2233,-0.0786,0.839,-0.5624,0.5474,1.1098,-0.0197,-0.1177,-0.026,0.1766
12092026-205903-AM  Kent Butaya-ford_mustang_gt3-rt_sebring-imsa2026.ld,AM  Kent Butaya,ford_mustang_gt3,rt_sebring-imsa2026,2,126.221,Turn 7,3.022,-5.5283,74.0837,79.612,49.6705,62.5006,-5.5283,23.668,71.0265,105.9276,34.9011,83.0664,73.2959,105.9276,10.6907,0.0,1.2962,1.2962,0.0139,1.2962,0.0,0.1351,0.0618,1.3938,1.332,0.9953,1.2122,0.0618,0.3176,-1.3938,-0.0618,1.332,-0.9953,-1.2122,-0.0618,0.3176,-0.1201,0.7484,0.8686,0.3119,-0.0786,0.5956,0.2466,-0.3154,0.266,0.5813,-0.0147,-0.026,0.0159,0.1111
12092026-205903-AM  Kent Butaya-ford_mustang_gt3-rt_sebring-imsa2026.ld,AM  Kent Butaya,ford_mustang_gt3,rt_sebring-imsa2026,2,126.221,Str 7-8,1.293,-37.2698,-5.5283,31.7415,-23.6179,-5.5283,-33.2606,9.3619,105.9276,131.667,25.7395,119.2391,105.9276,131.667,7.6668,0.0,0.0,0.0,0.0,0.0,0.0,0.0,0.0376,1.4797,1.4421,0.7136,0.0618,1.2011,0.4093,-1.4797,1.3177,2.7974,0.6408,-0.0618,1.2011,0.5177,0.3683,0.8859,0.5176,0.5719,0.5956,0.5582,0.0749,-0.2146,0.1261,0.3407,0.0022,0.0159,-0.0509,0.078
12092026-205903-AM  Kent Butaya-ford_mustang_gt3-rt_sebring-imsa2026.ld,AM  Kent Butaya,ford_mustang_gt3,rt_sebring-imsa2026,2,126.221,Turn 8,4.265,-44.7606,4.9485,49.7091,-20.3634,-33.2606,-9.5183,11.2602,124.0787,162.9197,38.841,138.1646,131.667,162.9197,11.0565,0.0,0.0,0.0,0.0,0.0,0.0,0.0,0.0064,1.6302,1.6238,0.97,1.2011,0.2218,0.4436,-0.0758,1.6302,1.706,0.9638,1.2011,0.2218,0.4572,-0.3273,0.6171,0.9444,0.2329,0.5582,0.3995,0.3107,-0.7066,0.5154,1.222,-0.0246,-0.0509,-0.2662,0.1658
12092026-205903-AM  Kent Butaya-ford_mustang_gt3-rt_sebring-imsa2026.ld,AM  Kent Butaya,ford_mustang_gt3,rt_sebring-imsa2026,2,126.221,Str 8-9,1.751,-10.2596,18.0973,28.3568,6.6477,-9.5183,13.8257,8.2205,162.9197,183.0209,20.1012,173.599,162.9197,183.0209,5.7835,0.0,0.0,0.0,0.0,0.0,0.0,0.0,0.0167,1.4051,1.3883,0.6674,0.2218,1.0891,0.4026,-1.4051,0.5251,1.9302,-0.5151,0.2218,-1.0891,0.587,-0.1382,0.4698,0.608,0.3367,0.3995,0.3423,0.1195,-0.2903,0.3928,0.683,-0.0166,-0.2662,0.0132,0.1564
12092026-205903-AM  Kent Butaya-ford_mustang_gt3-rt_sebring-imsa2026.ld,AM  Kent Butaya,ford_mustang_gt3,rt_sebring-imsa2026,2,126.221,Turn 9,0.822,-2.5449,13.8257,16.3706,4.7313,13.8257,0.0666,4.7754,180.5096,188.887,8.3774,185.7348,183.0209,180.5096,2.252,0.0,100.0,100.0,26.7408,0.0,100.0,36.7368,0.1508,1.2054,1.0546,0.7009,1.0891,0.1789,0.2952,-1.2054,-0.1508,1.0546,-0.7009,-1.0891,-0.1789,0.2952,-1.8219,0.3528,2.1747,-0.0979,0.3423,-1.7881,0.6642,-0.2182,0.241,0.4592,-0.0023,0.0132,0.017,0.1064
12092026-205903-AM  Kent Butaya-ford_mustang_gt3-rt_sebring-imsa2026.ld,AM  Kent Butaya,ford_mustang_gt3,rt_sebring-imsa2026,2,126.221,Str 9-10,2.343,-0.781,65.3998,66.1808,22.3664,0.0666,65.3998,20.3677,90.3414,180.5096,90.1682,123.0713,180.5096,90.3414,29.4413,0.0,100.0,100.0,69.4885,100.0,0.0,43.757,0.0628,1.489,1.4262,0.6341,0.1789,1.3211,0.4271,-1.489,-0.0628,1.4262,-0.6341,-0.1789,-1.3211,0.4271,-1.8179,-0.0854,1.7326,-1.0825,-1.7881,-0.0984,0.6046,-0.2301,0.2409,0.471,-0.0341,0.017,-0.14,0.1009
12092026-205903-AM  Kent Butaya-ford_mustang_gt3-rt_sebring-imsa2026.ld,AM  Kent Butaya,ford_mustang_gt3,rt_sebring-imsa2026,2,126.221,Turn 10,2.698,-1.6327,67.9825,69.6152,40.9386,65.3998,6.8798,25.2543,89.2853,126.5202,37.2349,103.7736,90.3414,126.5202,11.4539,0.0,0.0,0.0,0.0,0.0,0.0,0.0,0.3423,1.8787,1.5364,1.1161,1.3211,0.4659,0.4316,-1.8787,-0.3423,1.5364,-1.1161,-1.3211,-0.4659,0.4316,-0.1379,0.6762,0.8141,0.4009,-0.0984,0.5803,0.2023,-0.3024,0.5183,0.8208,0.0096,-0.14,-0.0074,0.1272
12092026-205903-AM  Kent Butaya-ford_mustang_gt3-rt_sebring-imsa2026.ld,AM  Kent Butaya,ford_mustang_gt3,rt_sebring-imsa2026,2,126.221,Str 10-11,7.424,-23.2539,6.8798,30.1337,-2.4014,6.8798,-14.1826,6.0106,126.5202,213.2926,86.7724,176.6476,126.5202,213.2926,25.4949,0.0,0.0,0.0,0.0,0.0,0.0,0.0,0.0007,1.7654,1.7648,0.267,0.4659,1.4404,0.3974,-0.4697,1.7654,2.2351,0.099,-0.4659,1.4404,0.4675,-0.1597,0.6021,0.7618,0.3354,0.5803,0.1933,0.1392,-0.5182,0.5408,1.0591,-0.0029,-0.0074,0.0698,0.1801
12092026-205903-AM  Kent Butaya-ford_mustang_gt3-rt_sebring-imsa2026.ld,AM  Kent Butaya,ford_mustang_gt3,rt_sebring-imsa2026,2,126.221,Turn 11,0.822,-17.7893,-9.0155,8.7739,-14.0233,-14.1826,-12.977,2.3702,213.2926,218.4503,5.1577,215.7723,213.2926,218.4503,1.5767,0.0,0.0,0.0,0.0,0.0,0.0,0.0,1.0299,1.5906,0.5607,1.2835,1.4404,1.1605,0.1752,1.0299,1.5906,0.5607,1.2835,1.4404,1.1605,0.1752,0.1655,0.2611,0.0957,0.2126,0.1933,0.2127,0.0248,-0.4059,0.3682,0.7741,-0.0712,0.0698,-0.1412,0.2246
12092026-205903-AM  Kent Butaya-ford_mustang_gt3-rt_sebring-imsa2026.ld,AM  Kent Butaya,ford_mustang_gt3,rt_sebring-imsa2026,2,126.221,Str 11-12,0.722,-13.778,-3.7559,10.0222,-9.693,-12.977,-13.1019,3.4933,218.4503,223.4421,4.9918,220.9738,218.4503,223.4421,1.5722,0.0,0.0,0.0,0.0,0.0,0.0,0.0,0.6474,1.2517,0.6043,0.9219,1.1605,1.1485,0.1817,0.6474,1.2517,0.6043,0.9219,1.1605,1.1485,0.1817,0.1741,0.2409,0.0668,0.2095,0.2127,0.2057,0.0159,-0.2277,0.2415,0.4692,-0.0332,-0.1412,-0.0183,0.1197
12092026-205903-AM  Kent Butaya-ford_mustang_gt3-rt_sebring-imsa2026.ld,AM  Kent Butaya,ford_mustang_gt3,rt_sebring-imsa2026,2,126.221,Turn 12,1.682,-23.91,-1.7741,22.1358,-13.0561,-13.1019,-1.7741,5.5876,223.4421,231.9764,8.5343,228.0091,223.4421,231.9764,2.4105,0.0,0.0,0.0,0.0,0.0,0.0,0.0,0.5867,2.3919,1.8052,1.3882,1.1485,0.9086,0.4073,0.5867,2.3919,1.8052,1.3882,1.1485,0.9086,0.4073,-0.0062,0.4043,0.4105,0.1896,0.2057,0.1862,0.0513,-0.9932,0.7659,1.7591,-0.0252,-0.0183,0.0067,0.3268
12092026-205903-AM  Kent Butaya-ford_mustang_gt3-rt_sebring-imsa2026.ld,AM  Kent Butaya,ford_mustang_gt3,rt_sebring-imsa2026,2,126.221,Str 12-13,1.881,-2.6985,25.6734,28.3719,10.6885,-1.7741,25.6734,9.1219,137.8041,232.2229,94.4187,186.5608,231.9764,137.8041,30.0757,0.0,100.0,100.0,91.6097,0.0,96.2713,25.4073,0.0253,1.3255,1.3001,0.6745,0.9086,1.3255,0.3832,-1.3255,0.9086,2.2341,-0.5584,0.9086,-1.3255,0.5396,-1.8746,0.2044,2.0789,-1.381,0.1862,-1.2628,0.4474,-0.4409,0.4636,0.9046,-0.0242,0.0067,0.0008,0.1814
12092026-205903-AM  Kent Butaya-ford_mustang_gt3-rt_sebring-imsa2026.ld,AM  Kent Butaya,ford_mustang_gt3,rt_sebring-imsa2026,2,126.221,Turn 13,2.992,1.4414,34.8185,33.3771,24.849,25.6734,1.4414,6.4945,123.1734,146.6872,23.5138,131.5981,137.8041,146.6872,6.6772,0.0,96.2713,96.2713,5.9265,96.2713,0.0,19.8249,0.6679,1.9308,1.2629,1.3116,1.3255,0.7792,0.2654,-1.9308,-0.6679,1.2629,-1.3116,-1.3255,-0.7792,0.2654,-1.2948,0.5052,1.8,0.1308,-1.2628,0.4293,0.4212,-0.5679,0.3201,0.888,-0.0281,0.0008,-0.174,0.1455
12092026-205903-AM  Kent Butaya-ford_mustang_gt3-rt_sebring-imsa2026.ld,AM  Kent Butaya,ford_mustang_gt3,rt_sebring-imsa2026,2,126.221,Str 13-14,3.581,-21.3156,179.3078,200.6234,29.0861,1.4414,47.0207,55.0525,127.2109,167.0456,39.8348,149.8842,146.6872,127.2109,12.5197,0.0,100.0,100.0,18.7755,0.0,0.0,35.4837,0.0231,1.8082,1.785,1.0049,0.7792,1.7552,0.4355,-1.8082,1.7482,3.5564,-0.0669,-0.7792,-1.7552,1.0924,-1.6209,0.6649,2.2858,-0.0761,0.4293,-0.1444,0.6596,-0.5191,1.0842,1.6033,-0.0204,-0.174,0.0449,0.2082
12092026-205903-AM  Kent Butaya-ford_mustang_gt3-rt_sebring-imsa2026.ld,AM  Kent Butaya,ford_mustang_gt3,rt_sebring-imsa2026,2,126.221,Turn 14,26.702,-6.1855,53.7401,59.9255,13.4391,47.0207,-1.7352,18.0384,118.1839,257.2049,139.0211,182.381,127.2109,176.8904,46.3046,0.0,100.0,100.0,9.2254,0.0,0.0,28.284,0.0001,2.1493,2.1492,0.6932,1.7552,0.8854,0.6472,-2.1493,0.3831,2.5324,-0.6447,-1.7552,-0.8854,0.6956,-1.7736,0.7561,2.5297,0.0785,-0.1444,0.3814,0.4891,-0.831,0.7916,1.6226,-0.0143,0.0449,0.0694,0.1956
12092026-205903-AM  Kent Butaya-ford_mustang_gt3-rt_sebring-imsa2026.ld,AM  Kent Butaya,ford_mustang_gt3,rt_sebring-imsa2026,2,126.221,Str 0-1 (Start),4.2,-14.6405,2.3281,16.9686,-2.614,-1.7352,-0.8699,4.3571,176.8904,216.723,39.8326,198.7162,176.8904,216.723,11.7362,0.0,0.0,0.0,0.0,0.0,0.0,0.0,0.001,1.1282,1.1272,0.2309,0.8854,0.0094,0.2962,-0.8854,1.1282,2.0136,0.0755,-0.8854,0.0094,0.3688,-0.1863,0.3894,0.5756,0.2714,0.3814,0.2278,0.0791,-0.5662,0.4993,1.0655,0.0013,0.0694,0.2485,0.2103
12092026-205903-AM  Kent Butaya-ford_mustang_gt3-rt_sebring-imsa2026.ld,AM  Kent Butaya,ford_mustang_gt3,rt_sebring-imsa2026,3,126.083,Str 0-1 (End),7.23,-32.366,0.9649,33.3309,-6.0312,-0.8699,-29.6317,7.5991,163.4213,247.5156,84.0943,225.1315,216.723,163.4213,21.6315,0.0,100.0,100.0,21.1388,0.0,5.1279,38.482,0.0002,1.9509,1.9506,0.443,0.0094,1.677,0.5785,-0.291,1.9509,2.2419,0.3947,0.0094,1.677,0.6124,-1.7892,0.2434,2.0326,-0.1891,0.2278,-0.2211,0.631,-0.6483,0.6414,1.2897,-0.0211,0.2485,-0.0743,0.2352
12092026-205903-AM  Kent Butaya-ford_mustang_gt3-rt_sebring-imsa2026.ld,AM  Kent Butaya,ford_mustang_gt3,rt_sebring-imsa2026,3,126.083,Turn 1,3.343,-42.548,-14.1989,28.3491,-32.6886,-29.6317,-20.1434,8.179,155.6935,178.7584,23.0648,164.8286,163.4213,178.7584,6.7723,0.0,5.1279,5.1279,0.0503,5.1279,0.0,0.5102,0.7163,2.2729,1.5566,1.5484,1.677,1.3949,0.3115,0.7163,2.2729,1.5566,1.5484,1.677,1.3949,0.3115,-0.2211,0.5033,0.7244,0.2087,-0.2211,0.3292,0.2131,-0.7183,0.4455,1.1638,-0.0337,-0.0743,0.1378,0.2337
12092026-205903-AM  Kent Butaya-ford_mustang_gt3-rt_sebring-imsa2026.ld,AM  Kent Butaya,ford_mustang_gt3,rt_sebring-imsa2026,3,126.083,Str 1-2,6.416,-60.0644,13.2982,73.3626,-9.4635,-20.1434,-59.8207,16.8858,93.2128,213.6223,120.4095,176.9776,178.7584,93.2128,35.6583,0.0,100.0,100.0,35.2764,0.0,0.0,46.7527,0.0017,1.8165,1.8149,0.7075,1.3949,1.4014,0.4705,-1.5255,1.8165,3.342,0.2648,1.3949,1.4014,0.8074,-1.7785,0.4181,2.1966,-0.3594,0.3292,-0.1209,0.8155,-0.6692,0.5925,1.2617,-0.0098,0.1378,-0.1043,0.2163
12092026-205903-AM  Kent Butaya-ford_mustang_gt3-rt_sebring-imsa2026.ld,AM  Kent Butaya,ford_mustang_gt3,rt_sebring-imsa2026,3,126.083,Turn 2,2.368,-68.4204,30.1212,98.5417,-34.6686,-59.8207,30.1212,32.8946,93.0765,121.8832,28.8068,103.8236,93.2128,121.8832,8.4005,0.0,0.0,0.0,0.0,0.0,0.0,0.0,0.0124,2.1554,2.143,1.0518,1.4014,0.7266,0.4867,-0.7266,2.1554,2.882,0.9991,1.4014,-0.7266,0.5676,-0.1209,0.6702,0.791,0.3677,-0.1209,0.6182,0.1846,-0.321,0.6549,0.9759,-0.0242,-0.1043,-0.058,0.1544
12092026-205903-AM  Kent Butaya-ford_mustang_gt3-rt_sebring-imsa2026.ld,AM  Kent Butaya,ford_mustang_gt3,rt_sebring-imsa2026,3,126.083,Str 2-3,0.671,27.8548,32.1951,4.3403,30.1322,30.1212,30.5396,1.1604,121.8832,134.2214,12.3382,128.3302,121.8832,134.2214,3.7942,0.0,0.0,0.0,0.0,0.0,0.0,0.0,0.7266,1.382,0.6553,1.1647,0.7266,1.3111,0.165,-1.382,-0.7266,0.6553,-1.1647,-0.7266,-1.3111,0.165,0.4752,0.6481,0.1729,0.5459,0.6182,0.4904,0.0417,-0.1616,0.2251,0.3867,0.0143,-0.058,-0.0347,0.1116
12092026-205903-AM  Kent Butaya-ford_mustang_gt3-rt_sebring-imsa2026.ld,AM  Kent Butaya,ford_mustang_gt3,rt_sebring-imsa2026,3,126.083,Turn 3,0.784,-13.3434,30.5396,43.883,13.8704,30.5396,-13.3434,14.872,134.2214,144.4965,10.275,139.4268,134.2214,144.4965,2.8176,0.0,6.3506,6.3506,0.254,0.0,6.3506,0.0,0.0212,1.4695,1.4483,1.1106,1.3111,0.0757,0.3725,-1.4695,0.0626,1.5321,-1.1072,-1.3111,0.0626,0.3725,-0.0824,0.5866,0.669,0.4241,0.4904,0.4893,0.1857,-0.2499,0.1752,0.4252,-0.0308,-0.0347,-0.0544,0.0953
12092026-205903-AM  Kent Butaya-ford_mustang_gt3-rt_sebring-imsa2026.ld,AM  Kent Butaya,ford_mustang_gt3,rt_sebring-imsa2026,3,126.083,Str 3-4,0.791,-37.5642,-13.3434,24.2207,-24.4569,-13.3434,-37.5642,4.9374,117.9391,145.1239,27.1848,133.2155,144.4965,117.9391,9.2386,6.3506,92.5,86.1494,67.1546,6.3506,50.9569,27.061,0.0757,1.6028,1.5271,0.9564,0.0757,1.5848,0.395,0.0626,1.6028,1.5402,0.9561,0.0626,1.5848,0.3957,-1.3938,0.4893,1.8831,-0.8848,0.4893,-0.8242,0.5545,-0.2546,0.3021,0.5567,-0.0266,-0.0544,0.0746,0.1283
12092026-205903-AM  Kent Butaya-ford_mustang_gt3-rt_sebring-imsa2026.ld,AM  Kent Butaya,ford_mustang_gt3,rt_sebring-imsa2026,3,126.083,Turn 4,3.766,-64.2998,89.7661,154.0659,-28.6254,-37.5642,-18.2959,32.2062,109.0326,124.7156,15.683,115.6085,117.9391,124.7156,3.9404,0.0,50.9569,50.9569,2.6898,50.9569,0.0,10.3764,0.0466,1.871,1.8244,1.3076,1.5848,0.4664,0.4418,0.0466,1.871,1.8244,1.3076,1.5848,0.4664,0.4418,-0.8242,0.7534,1.5776,0.1694,-0.8242,0.2907,0.2781,-0.9638,0.8753,1.839,-0.0103,0.0746,-0.2037,0.2025
12092026-205903-AM  Kent Butaya-ford_mustang_gt3-rt_sebring-imsa2026.ld,AM  Kent Butaya,ford_mustang_gt3,rt_sebring-imsa2026,3,126.083,Str 4-5,15.79,-18.2959,114.4467,132.7426,11.5742,-18.2959,114.4467,25.0122,71.977,238.6645,166.6875,174.5979,124.7156,76.6842,47.0036,0.0,100.0,100.0,18.916,0.0,0.0,36.936,0.0006,1.5735,1.5729,0.5296,0.4664,1.5476,0.4048,-1.5735,0.5956,2.1691,-0.4717,0.4664,-1.5476,0.4709,-1.9004,0.7839,2.6842,-0.0778,0.2907,0.2322,0.7059,-0.615,0.8671,1.4821,-0.0018,-0.2037,0.1351,0.1969
12092026-205903-AM  Kent Butaya-ford_mustang_gt3-rt_sebring-imsa2026.ld,AM  Kent Butaya,ford_mustang_gt3,rt_sebring-imsa2026,3,126.083,Turn 5,1.999,4.8406,121.9067,117.0661,93.3928,114.4467,4.8406,37.787,76.6842,90.6065,13.9224,81.654,76.6842,90.6065,3.442,0.0,0.0,0.0,0.0,0.0,0.0,0.0,0.874,1.6971,0.8231,1.3928,1.5476,1.2415,0.1696,-1.6971,-0.874,0.8231,-1.3928,-1.5476,-1.2415,0.1696,-0.0949,0.6914,0.7864,0.232,0.2322,0.5562,0.1815,-0.2562,0.2096,0.4659,-0.0054,0.1351,0.0529,0.1076
12092026-205903-AM  Kent Butaya-ford_mustang_gt3-rt_sebring-imsa2026.ld,AM  Kent Butaya,ford_mustang_gt3,rt_sebring-imsa2026,3,126.083,Str 5-6,9.188,-32.1721,14.9825,47.1546,1.6382,4.8406,-7.1315,11.272,90.6065,211.8623,121.2558,162.9488,90.6065,211.8623,35.1296,0.0,0.0,0.0,0.0,0.0,0.0,0.0,0.0001,1.2704,1.2703,0.6866,1.2415,0.7743,0.2876,-1.2704,1.2522,2.5226,-0.2456,-1.2415,0.7743,0.7024,-0.1772,1.0045,1.1818,0.3827,0.5562,0.0647,0.1651,-0.5615,0.5655,1.127,0.0019,0.0529,0.2619,0.1563
12092026-205903-AM  Kent Butaya-ford_mustang_gt3-rt_sebring-imsa2026.ld,AM  Kent Butaya,ford_mustang_gt3,rt_sebring-imsa2026,3,126.083,Turn 6,1.055,-10.1876,-6.5862,3.6014,-8.1856,-7.1315,-6.5862,1.2559,204.493,211.8857,7.3926,208.4485,211.8623,204.493,2.3737,0.0,0.0,0.0,0.0,0.0,0.0,0.0,0.548,1.1637,0.6156,0.8854,0.7743,0.8567,0.1659,0.548,1.1637,0.6156,0.8854,0.7743,0.8567,0.1659,-0.2184,0.0647,0.2832,-0.1847,0.0647,-0.2046,0.0566,-0.3803,0.3124,0.6927,-0.0061,0.2619,0.0783,0.1932
12092026-205903-AM  Kent Butaya-ford_mustang_gt3-rt_sebring-imsa2026.ld,AM  Kent Butaya,ford_mustang_gt3,rt_sebring-imsa2026,3,126.083,Str 6-7,5.509,-6.7776,83.0742,89.8518,8.9432,-6.5862,83.0742,21.4161,72.5982,205.9501,133.3519,167.9758,204.493,72.5982,43.7331,0.0,100.0,100.0,47.3013,0.0,21.8273,48.9795,0.0019,1.4562,1.4543,0.3865,0.8567,1.1748,0.3472,-1.4562,0.8567,2.313,-0.1137,0.8567,-1.1748,0.5061,-1.872,0.3097,2.1816,-0.6705,-0.2046,-0.7643,0.7547,-0.5627,0.3475,0.9102,-0.0138,0.0783,-0.1006,0.1711
12092026-205903-AM  Kent Butaya-ford_mustang_gt3-rt_sebring-imsa2026.ld,AM  Kent Butaya,ford_mustang_gt3,rt_sebring-imsa2026,3,126.083,Turn 7,3.171,-24.1537,87.1265,111.2802,46.5575,83.0742,-24.1537,31.6948,69.1218,109.8119,40.6901,82.486,72.5982,109.8119,12.6833,0.0,21.8273,21.8273,0.492,21.8273,0.0,2.9438,0.0126,1.8088,1.7962,0.9199,1.1748,0.5885,0.3944,-1.8088,0.5885,2.3973,-0.8745,-1.1748,0.5885,0.4746,-0.7643,0.676,1.4403,0.3318,-0.7643,0.5705,0.2983,-0.3053,0.3256,0.6309,-0.0101,-0.1006,-0.0252,0.1368
12092026-205903-AM  Kent Butaya-ford_mustang_gt3-rt_sebring-imsa2026.ld,AM  Kent Butaya,ford_mustang_gt3,rt_sebring-imsa2026,3,126.083,Str 7-8,1.262,-30.3916,-22.1915,8.2,-25.7847,-24.1537,-23.767,2.2294,109.8119,134.6403,24.8283,122.259,109.8119,134.6403,7.4763,0.0,0.0,0.0,0.0,0.0,0.0,0.0,0.5885,1.2515,0.663,0.9606,0.5885,0.957,0.1508,0.5885,1.2515,0.663,0.9606,0.5885,0.957,0.1508,0.5063,0.6659,0.1596,0.5716,0.5705,0.5221,0.0378,-0.204,0.196,0.4001,-0.0073,-0.0252,0.046,0.0912
12092026-205903-AM  Kent Butaya-ford_mustang_gt3-rt_sebring-imsa2026.ld,AM  Kent Butaya,ford_mustang_gt3,rt_sebring-imsa2026,3,126.083,Turn 8,3.598,-38.3004,2.5983,40.8986,-23.1325,-23.767,2.5983,9.8183,134.6403,178.0985,43.4583,157.853,134.6403,178.0985,12.6298,0.0,0.0,0.0,0.0,0.0,0.0,0.0,0.0908,1.8865,1.7957,1.2106,0.957,0.0908,0.3563,0.0908,1.8865,1.7957,1.2106,0.957,0.0908,0.3563,-0.1712,0.6004,0.7716,0.3749,0.5221,0.3139,0.1324,-0.3594,0.2856,0.645,-0.0194,0.046,-0.3455,0.1117
12092026-205903-AM  Kent Butaya-ford_mustang_gt3-rt_sebring-imsa2026.ld,AM  Kent Butaya,ford_mustang_gt3,rt_sebring-imsa2026,3,126.083,Str 8-9,1.628,0.3004,14.9342,14.6338,8.1198,2.5983,10.5877,4.3125,178.0985,195.8646,17.7661,187.2804,178.0985,195.8646,5.3264,0.0,0.0,0.0,0.0,0.0,0.0,0.0,0.0092,1.3377,1.3285,0.6876,0.0908,1.1977,0.3419,-1.3377,0.0908,1.4286,-0.6845,0.0908,-1.1977,0.3481,0.2498,0.3733,0.1235,0.3188,0.3139,0.3173,0.0228,-0.4392,0.4658,0.905,-0.0186,-0.3455,-0.0787,0.1975
12092026-205903-AM  Kent Butaya-ford_mustang_gt3-rt_sebring-imsa2026.ld,AM  Kent Butaya,ford_mustang_gt3,rt_sebring-imsa2026,3,126.083,Turn 9,0.79,-2.3318,12.0931,14.425,4.8649,10.5877,-2.3318,4.6335,181.9243,199.6157,17.6915,194.5441,195.8646,181.9243,5.0244,0.0,100.0,100.0,43.8424,0.0,100.0,46.0929,0.4909,1.3825,0.8916,0.8262,1.1977,0.9403,0.2728,-1.3825,-0.4909,0.8916,-0.8262,-1.1977,-0.9403,0.2728,-1.7424,0.3406,2.0831,-0.5013,0.3173,-1.6239,0.8984,-0.283,0.2321,0.5151,-0.0107,-0.0787,0.0154,0.1116
12092026-205903-AM  Kent Butaya-ford_mustang_gt3-rt_sebring-imsa2026.ld,AM  Kent Butaya,ford_mustang_gt3,rt_sebring-imsa2026,3,126.083,Str 9-10,2.288,-5.6731,65.0459,70.719,16.6555,-2.3318,65.0459,19.1213,90.6721,181.9243,91.2521,126.3383,181.9243,90.6721,29.5303,0.0,100.0,100.0,71.4694,100.0,0.0,36.3403,0.0167,1.3776,1.3609,0.6571,0.9403,1.2597,0.3668,-1.3776,-0.0167,1.3609,-0.6571,-0.9403,-1.2597,0.3668,-1.7976,-0.0868,1.7107,-1.1086,-1.6239,-0.1017,0.5282,-0.2238,0.2648,0.4886,-0.0256,0.0154,-0.1424,0.096
12092026-205903-AM  Kent Butaya-ford_mustang_gt3-rt_sebring-imsa2026.ld,AM  Kent Butaya,ford_mustang_gt3,rt_sebring-imsa2026,3,126.083,Turn 10,3.112,0.5002,70.3237,69.8236,35.5495,65.0459,11.3458,19.6243,88.2325,103.1598,14.9273,92.7131,90.6721,103.1598,3.2167,0.0,0.0,0.0,0.0,0.0,0.0,0.0,0.0783,1.747,1.6687,0.9951,1.2597,0.4641,0.4107,-1.747,-0.0783,1.6687,-0.9951,-1.2597,-0.4641,0.4107,-0.1574,0.6953,0.8527,0.1337,-0.1017,0.6701,0.2899,-0.2568,0.356,0.6129,-0.0026,-0.1424,0.1095,0.1266
12092026-205903-AM  Kent Butaya-ford_mustang_gt3-rt_sebring-imsa2026.ld,AM  Kent Butaya,ford_mustang_gt3,rt_sebring-imsa2026,3,126.083,Str 10-11,7.9,-21.5011,11.3458,32.8469,-3.0346,11.3458,-17.8398,5.7395,103.1598,209.155,105.9952,166.1468,103.1598,209.155,30.7739,0.0,0.0,0.0,0.0,0.0,0.0,0.0,0.0009,1.8987,1.8979,0.249,0.4641,1.6037,0.3775,-0.5664,1.8987,2.4651,0.1471,-0.4641,1.6037,0.4271,-0.1714,0.6813,0.8526,0.3808,0.6701,0.1933,0.1544,-0.5255,0.4906,1.0161,0.002,0.1095,0.0659,0.1745
12092026-205903-AM  Kent Butaya-ford_mustang_gt3-rt_sebring-imsa2026.ld,AM  Kent Butaya,ford_mustang_gt3,rt_sebring-imsa2026,3,126.083,Turn 11,0.839,-23.093,-3.4854,19.6076,-14.8519,-17.8398,-3.4854,4.9121,209.155,214.3634,5.2085,211.7311,209.155,214.3634,1.5662,0.0,0.0,0.0,0.0,0.0,0.0,0.0,0.9861,1.7631,0.7769,1.365,1.6037,0.9861,0.2149,0.9861,1.7631,0.7769,1.365,1.6037,0.9861,0.2149,0.1765,0.26,0.0835,0.2143,0.1933,0.1849,0.0211,-0.3867,0.4008,0.7875,-0.0677,0.0659,-0.2138,0.2224
12092026-205903-AM  Kent Butaya-ford_mustang_gt3-rt_sebring-imsa2026.ld,AM  Kent Butaya,ford_mustang_gt3,rt_sebring-imsa2026,3,126.083,Str 11-12,0.733,-14.4665,-1.2165,13.25,-5.4057,-3.4854,-14.4665,4.0831,214.3634,219.9538,5.5904,217.1959,214.3634,219.9538,1.732,0.0,0.0,0.0,0.0,0.0,0.0,0.0,0.1367,0.9861,0.8495,0.4701,0.9861,0.7795,0.2664,0.1367,0.9861,0.8495,0.4701,0.9861,0.7795,0.2664,0.1826,0.2518,0.0692,0.2204,0.1849,0.2115,0.018,-0.2138,0.2614,0.4752,-0.0126,-0.2138,-0.1065,0.1334
12092026-205903-AM  Kent Butaya-ford_mustang_gt3-rt_sebring-imsa2026.ld,AM  Kent Butaya,ford_mustang_gt3,rt_sebring-imsa2026,3,126.083,Turn 12,1.707,-24.684,-1.0068,23.6772,-15.6104,-14.4665,-1.0068,4.4236,219.9538,228.9688,9.0149,224.7268,219.9538,228.9688,2.5774,0.0,0.0,0.0,0.0,0.0,0.0,0.0,0.7795,2.2064,1.4269,1.4554,0.7795,1.1598,0.3084,0.7795,2.2064,1.4269,1.4554,0.7795,1.1598,0.3084,-0.0178,0.3199,0.3377,0.1951,0.2115,0.2002,0.0492,-0.8005,0.5527,1.3531,-0.025,-0.1065,0.0759,0.2352
12092026-205903-AM  Kent Butaya-ford_mustang_gt3-rt_sebring-imsa2026.ld,AM  Kent Butaya,ford_mustang_gt3,rt_sebring-imsa2026,3,126.083,Str 12-13,1.884,-1.0068,18.2106,19.2174,8.6801,-1.0068,16.5989,6.119,136.8736,229.5775,92.7039,185.3643,228.9688,136.8736,29.5219,0.0,100.0,100.0,90.1637,0.0,77.5684,26.3883,0.018,1.37,1.3519,0.7812,1.1598,1.37,0.3461,-1.37,1.1598,2.5298,-0.6289,1.1598,-1.37,0.5804,-1.9354,0.2148,2.1502,-1.3499,0.2002,-1.283,0.4794,-0.372,0.4513,0.8233,-0.0301,0.0759,0.0755,0.1778
12092026-205903-AM  Kent Butaya-ford_mustang_gt3-rt_sebring-imsa2026.ld,AM  Kent Butaya,ford_mustang_gt3,rt_sebring-imsa2026,3,126.083,Turn 13,2.924,9.8397,38.272,28.4323,30.5977,16.5989,9.8397,6.7113,131.9295,142.1786,10.249,134.0453,136.8736,142.1786,2.2749,0.0,77.5684,77.5684,2.4192,77.5684,0.0,11.5721,0.814,1.9357,1.1216,1.3709,1.37,1.1465,0.1959,-1.9357,-0.814,1.1216,-1.3709,-1.37,-1.1465,0.1959,-1.283,0.5448,1.8279,0.0902,-1.283,0.443,0.278,-0.6239,0.3164,0.9404,-0.0245,0.0755,0.2373,0.158
12092026-205903-AM  Kent Butaya-ford_mustang_gt3-rt_sebring-imsa2026.ld,AM  Kent Butaya,ford_mustang_gt3,rt_sebring-imsa2026,3,126.083,Str 13-14,3.784,-27.682,43.3405,71.0224,6.6098,9.8397,32.7501,23.8441,117.7724,165.9645,48.1921,141.9973,142.1786,122.2327,16.977,0.0,90.7333,90.7333,21.7223,0.0,0.0,36.7507,0.0123,1.7314,1.7191,1.0854,1.1465,1.5612,0.3629,-1.7262,1.7314,3.4576,0.0358,-1.1465,-1.5612,1.144,-1.5629,0.6467,2.2096,-0.1105,0.443,0.4805,0.7277,-0.5451,0.6414,1.1865,-0.0271,0.2373,0.0238,0.1935
12092026-205903-AM  Kent Butaya-ford_mustang_gt3-rt_sebring-imsa2026.ld,AM  Kent Butaya,ford_mustang_gt3,rt_sebring-imsa2026,3,126.083,Turn 14,27.332,-4.9921,45.9227,50.9147,10.6723,32.7501,4.1201,15.3123,122.2327,254.0931,131.8604,176.8132,122.2327,175.2891,44.9021,0.0,100.0,100.0,8.1795,0.0,0.0,26.3621,0.0,1.9828,1.9828,0.6702,1.5612,0.7473,0.6011,-1.9828,0.4826,2.4655,-0.5983,-1.5612,-0.7473,0.6728,-1.7151,1.1117,2.8268,0.0761,0.4805,0.3028,0.4852,-0.7451,0.8649,1.6101,-0.0129,0.0238,0.0021,0.1809
12092026-205903-AM  Kent Butaya-ford_mustang_gt3-rt_sebring-imsa2026.ld,AM  Kent Butaya,ford_mustang_gt3,rt_sebring-imsa2026,3,126.083,Str 0-1 (Start),4.22,-6.4495,4.1201,10.5696,-0.4609,4.1201,-3.9014,2.7966,175.2891,216.3013,41.0122,197.9135,175.2891,216.3013,12.1778,0.0,0.0,0.0,0.0,0.0,0.0,0.0,0.0015,0.7473,0.7458,0.2388,0.7473,0.3395,0.1615,-0.7473,0.5689,1.3162,-0.0899,-0.7473,0.3395,0.2732,-0.1892,0.3812,0.5704,0.2771,0.3028,0.2269,0.0787,-0.4046,0.4241,0.8287,-0.0021,0.0021,0.2315,0.1625
12092026-205903-AM  Kent Butaya-ford_mustang_gt3-rt_sebring-imsa2026.ld,AM  Kent Butaya,ford_mustang_gt3,rt_sebring-imsa2026,4,123.707,Str 0-1 (End),7.227,-20.0521,1.2429,21.295,-5.4631,-3.9014,-20.0521,6.3449,153.3157,250.0026,96.6869,225.7894,216.3013,153.3157,21.8609,0.0,100.0,100.0,25.5203,0.0,100.0,43.102,0.0017,1.7717,1.77,0.4127,0.3395,1.2387,0.4654,-0.2389,1.7717,2.0105,0.3588,0.3395,1.2387,0.508,-1.8495,0.2533,2.1028,-0.2352,0.2269,-1.3123,0.7162,-0.7174,0.6388,1.3562,-0.0129,0.2315,0.0043,0.2425
12092026-205903-AM  Kent Butaya-ford_mustang_gt3-rt_sebring-imsa2026.ld,AM  Kent Butaya,ford_mustang_gt3,rt_sebring-imsa2026,4,123.707,Turn 1,3.899,-40.3219,-10.0177,30.3042,-26.5144,-20.0521,-17.6439,7.6823,134.4072,170.6526,36.2454,148.8568,153.3157,170.6526,10.9903,0.0,100.0,100.0,7.9723,100.0,0.0,24.2429,0.715,1.9643,1.2493,1.3439,1.2387,0.9284,0.2497,0.715,1.9643,1.2493,1.3439,1.2387,0.9284,0.2497,-1.5284,0.5325,2.0609,0.1671,-1.3123,0.3782,0.4725,-0.4726,0.55,1.0225,-0.0407,0.0043,0.0632,0.1649
12092026-205903-AM  Kent Butaya-ford_mustang_gt3-rt_sebring-imsa2026.ld,AM  Kent Butaya,ford_mustang_gt3,rt_sebring-imsa2026,4,123.707,Str 1-2,6.711,-75.4261,14.9438,90.3699,-11.4015,-17.6439,-72.3658,22.5285,91.8228,210.0085,118.1856,169.8047,170.6526,91.8228,36.1628,0.0,100.0,100.0,31.4615,0.0,0.0,45.568,0.0002,1.7817,1.7815,0.6162,0.9284,1.4595,0.474,-1.4021,1.7817,3.1838,0.1874,0.9284,1.4595,0.754,-1.8407,0.6958,2.5365,-0.3188,0.3782,0.0169,0.8253,-0.4887,0.9071,1.3958,-0.0037,0.0632,-0.0914,0.1905
12092026-205903-AM  Kent Butaya-ford_mustang_gt3-rt_sebring-imsa2026.ld,AM  Kent Butaya,ford_mustang_gt3,rt_sebring-imsa2026,4,123.707,Turn 2,2.302,-72.3658,34.6115,106.9773,-30.3902,-72.3658,33.2016,31.2635,91.7999,125.494,33.694,107.0683,91.8228,125.494,9.7751,0.0,0.0,0.0,0.0,0.0,0.0,0.0,0.0456,1.7131,1.6675,1.1437,1.4595,1.1558,0.3352,-1.1998,1.7131,2.9129,0.9197,1.4595,-1.1558,0.7381,0.0169,0.6843,0.6673,0.44,0.0169,0.5559,0.1195,-0.3801,0.3573,0.7375,-0.0227,-0.0914,0.0208,0.1311
12092026-205903-AM  Kent Butaya-ford_mustang_gt3-rt_sebring-imsa2026.ld,AM  Kent Butaya,ford_mustang_gt3,rt_sebring-imsa2026,4,123.707,Str 2-3,0.667,15.6942,33.2016,17.5074,26.5453,33.2016,15.6942,4.8446,125.494,132.1701,6.6762,129.5117,125.494,132.1583,1.934,0.0,0.0,0.0,0.0,0.0,0.0,0.0,0.7044,2.306,1.6017,1.3649,1.1558,1.218,0.4639,-2.306,-0.7044,1.6017,-1.3649,-1.1558,-1.218,0.4639,-0.0773,0.7863,0.8636,0.3401,0.5559,-0.0714,0.2493,-0.6818,0.7173,1.399,0.0392,0.0208,-0.3216,0.4614
12092026-205903-AM  Kent Butaya-ford_mustang_gt3-rt_sebring-imsa2026.ld,AM  Kent Butaya,ford_mustang_gt3,rt_sebring-imsa2026,4,123.707,Turn 3,0.793,-27.1406,15.6942,42.8348,-2.9951,15.6942,-27.1406,14.9025,132.0665,142.8681,10.8016,136.7669,132.1583,142.8681,3.4371,0.0,0.0,0.0,0.0,0.0,0.0,0.0,0.058,1.7094,1.6515,1.0115,1.218,0.9393,0.4641,-1.7094,0.9393,2.6487,-0.673,-1.218,0.9393,0.8646,-0.0727,0.5523,0.625,0.4191,-0.0714,0.4622,0.155,-0.4053,0.1755,0.5808,-0.0419,-0.3216,-0.0473,0.1502
12092026-205903-AM  Kent Butaya-ford_mustang_gt3-rt_sebring-imsa2026.ld,AM  Kent Butaya,ford_mustang_gt3,rt_sebring-imsa2026,4,123.707,Str 3-4,0.809,-36.6068,-18.416,18.1907,-25.0832,-27.1406,-36.6068,4.6991,116.0143,144.2781,28.2637,132.6038,142.8681,116.0143,9.6561,0.0,99.6921,99.6921,74.6916,0.0,95.003,38.5823,0.713,1.2371,0.5241,1.0263,0.9393,1.1755,0.1557,0.713,1.2371,0.5241,1.0263,0.9393,1.1755,0.1557,-1.5326,0.4808,2.0134,-0.8845,0.4622,-1.3912,0.6806,-0.2459,0.1468,0.3927,-0.0403,-0.0473,0.0928,0.1039
12092026-205903-AM  Kent Butaya-ford_mustang_gt3-rt_sebring-imsa2026.ld,AM  Kent Butaya,ford_mustang_gt3,rt_sebring-imsa2026,4,123.707,Turn 4,3.837,-54.9965,-2.0805,52.916,-38.5711,-36.6068,-2.0805,15.2492,96.7913,140.3094,43.5181,113.5724,116.0143,140.3094,13.9479,0.0,95.003,95.003,7.4779,95.003,0.0,23.1476,0.4787,1.7774,1.2988,1.243,1.1755,0.4787,0.2466,0.4787,1.7774,1.2988,1.243,1.1755,0.4787,0.2466,-1.3912,0.7173,2.1085,0.2023,-1.3912,0.5496,0.5198,-0.3844,0.2416,0.6261,-0.0119,0.0928,0.1473,0.125
12092026-205903-AM  Kent Butaya-ford_mustang_gt3-rt_sebring-imsa2026.ld,AM  Kent Butaya,ford_mustang_gt3,rt_sebring-imsa2026,4,123.707,Str 4-5,15.046,-10.8245,92.4621,103.2866,9.7917,-2.0805,92.4621,18.3832,77.355,242.2894,164.9345,183.1993,140.3094,78.3181,45.6381,0.0,100.0,100.0,19.5599,0.0,0.0,36.6441,0.0002,1.6668,1.6666,0.5807,0.4787,1.6108,0.4083,-1.6668,0.5698,2.2366,-0.5245,0.4787,-1.6108,0.4783,-1.8908,0.7414,2.6322,-0.1063,0.5496,-0.2208,0.6943,-0.6681,0.6763,1.3443,0.0021,0.1473,0.1121,0.1786
12092026-205903-AM  Kent Butaya-ford_mustang_gt3-rt_sebring-imsa2026.ld,AM  Kent Butaya,ford_mustang_gt3,rt_sebring-imsa2026,4,123.707,Turn 5,2.03,13.861,93.968,80.107,65.8568,92.4621,13.861,32.0913,73.4612,92.4521,18.9909,80.1282,78.3181,92.4521,6.1996,0.0,0.0,0.0,0.0,0.0,0.0,0.0,0.8778,1.8219,0.9442,1.3622,1.6108,1.0426,0.2559,-1.8219,-0.8778,0.9442,-1.3622,-1.6108,-1.0426,0.2559,-0.2709,0.8505,1.1214,0.2349,-0.2208,0.446,0.3481,-0.3121,0.2039,0.516,-0.0032,0.1121,0.0735,0.1147
12092026-205903-AM  Kent Butaya-ford_mustang_gt3-rt_sebring-imsa2026.ld,AM  Kent Butaya,ford_mustang_gt3,rt_sebring-imsa2026,4,123.707,Str 5-6,9.12,-24.2853,19.8184,44.1037,2.0186,13.861,-16.2766,10.1622,92.4521,212.1295,119.6773,164.041,92.4521,212.1295,34.8504,0.0,0.0,0.0,0.0,0.0,0.0,0.0,0.0016,1.9028,1.9012,0.615,1.0426,1.6915,0.4388,-1.4613,1.9028,3.3641,-0.2492,-1.0426,1.6915,0.7102,-0.1734,0.906,1.0794,0.3837,0.446,0.2276,0.1629,-0.6426,0.5966,1.2392,0.0036,0.0735,0.2688,0.1651
12092026-205903-AM  Kent Butaya-ford_mustang_gt3-rt_sebring-imsa2026.ld,AM  Kent Butaya,ford_mustang_gt3,rt_sebring-imsa2026,4,123.707,Turn 6,1.017,-16.2766,-6.0408,10.2358,-11.6979,-16.2766,-6.0408,3.003,212.1295,218.8815,6.752,215.4545,212.1295,218.8815,2.0176,0.0,0.0,0.0,0.0,0.0,0.0,0.0,0.7867,1.6915,0.9047,1.165,1.6915,0.7913,0.21,0.7867,1.6915,0.9047,1.165,1.6915,0.7913,0.21,0.1679,0.2452,0.0773,0.2134,0.2276,0.2201,0.0162,-0.5542,0.2891,0.8433,-0.0012,0.2688,-0.1117,0.1952
12092026-205903-AM  Kent Butaya-ford_mustang_gt3-rt_sebring-imsa2026.ld,AM  Kent Butaya,ford_mustang_gt3,rt_sebring-imsa2026,4,123.707,Str 6-7,5.158,-6.0408,85.5887,91.6295,12.112,-6.0408,85.5887,23.7883,79.0836,232.9944,153.9108,178.6061,218.8815,79.0836,53.3687,0.0,100.0,100.0,54.6815,0.0,0.0,48.7822,0.0006,1.6194,1.6188,0.4312,0.7913,1.5045,0.4067,-1.6194,0.7913,2.4107,-0.272,0.7913,-1.5045,0.5261,-1.8581,0.2418,2.0999,-0.75,0.2201,-0.1182,0.8424,-0.6166,0.5735,1.1901,-0.0198,-0.1117,-0.0791,0.1748
12092026-205903-AM  Kent Butaya-ford_mustang_gt3-rt_sebring-imsa2026.ld,AM  Kent Butaya,ford_mustang_gt3,rt_sebring-imsa2026,4,123.707,Turn 7,2.7,-5.5628,86.9623,92.5252,36.0007,85.5887,-5.5628,31.8397,76.8,116.7015,39.9015,91.9696,79.0836,116.7015,12.5249,0.0,0.0,0.0,0.0,0.0,0.0,0.0,0.0133,1.7045,1.6912,0.99,1.5045,0.0133,0.4692,-1.7045,-0.013,1.6915,-0.99,-1.5045,-0.013,0.4692,-0.1496,0.7004,0.85,0.4458,-0.1182,0.5814,0.2237,-0.4388,0.3334,0.7722,-0.0111,-0.0791,-0.0638,0.1267
12092026-205903-AM  Kent Butaya-ford_mustang_gt3-rt_sebring-imsa2026.ld,AM  Kent Butaya,ford_mustang_gt3,rt_sebring-imsa2026,4,123.707,Str 7-8,1.193,-28.6518,-5.5628,23.089,-21.5559,-5.5628,-28.6354,5.8966,116.7015,139.6863,22.9848,128.6922,116.7015,139.6863,6.9651,0.0,0.0,0.0,0.0,0.0,0.0,0.0,0.0039,1.3739,1.37,0.8107,0.0133,1.2435,0.3479,-0.013,1.3739,1.3869,0.8103,-0.013,1.2435,0.3489,0.4693,0.6298,0.1605,0.5535,0.5814,0.5439,0.04,-0.2814,0.3003,0.5817,0.0078,-0.0638,0.197,0.1267
12092026-205903-AM  Kent Butaya-ford_mustang_gt3-rt_sebring-imsa2026.ld,AM  Kent Butaya,ford_mustang_gt3,rt_sebring-imsa2026,4,123.707,Turn 8,3.543,-32.9307,-6.1839,26.7468,-23.8601,-28.6354,-6.1839,6.038,139.6863,179.7107,40.0245,160.6731,139.6863,179.7107,12.0725,0.0,0.0,0.0,0.0,0.0,0.0,0.0,0.5865,1.8504,1.2639,1.3146,1.2435,0.5937,0.2243,0.5865,1.8504,1.2639,1.3146,1.2435,0.5937,0.2243,-0.1271,0.5439,0.671,0.357,0.5439,0.2953,0.1281,-0.3838,0.2778,0.6616,-0.0174,0.197,-0.3071,0.1136
12092026-205903-AM  Kent Butaya-ford_mustang_gt3-rt_sebring-imsa2026.ld,AM  Kent Butaya,ford_mustang_gt3,rt_sebring-imsa2026,4,123.707,Str 8-9,1.618,-6.1839,16.7064,22.8903,10.3641,-6.1839,14.4535,5.8665,179.7107,196.6868,16.9761,188.6077,179.7107,196.6868,5.0582,0.0,0.0,0.0,0.0,0.0,0.0,0.0,0.0224,1.5291,1.5067,0.9143,0.5937,1.1381,0.3634,-1.5291,0.6226,2.1517,-0.7721,0.5937,-1.1381,0.6138,0.2227,0.3567,0.134,0.3138,0.2953,0.3341,0.0264,-0.4362,0.4426,0.8788,-0.0209,-0.3071,0.0121,0.2008
12092026-205903-AM  Kent Butaya-ford_mustang_gt3-rt_sebring-imsa2026.ld,AM  Kent Butaya,ford_mustang_gt3,rt_sebring-imsa2026,4,123.707,Turn 9,0.774,-1.7619,15.3593,17.1212,4.9012,14.4535,0.8128,6.3057,190.7492,201.4468,10.6976,198.1846,196.6868,190.7492,2.5695,0.0,100.0,100.0,29.3284,0.0,100.0,40.4404,0.1403,1.3049,1.1647,0.7792,1.1381,0.1667,0.4014,-1.3049,-0.1403,1.1647,-0.7792,-1.1381,-0.1667,0.4014,-1.7944,0.3364,2.1307,-0.2271,0.3341,-1.735,0.8116,-0.2212,0.285,0.5062,0.0115,0.0121,-0.0091,0.1382
12092026-205903-AM  Kent Butaya-ford_mustang_gt3-rt_sebring-imsa2026.ld,AM  Kent Butaya,ford_mustang_gt3,rt_sebring-imsa2026,4,123.707,Str 9-10,2.111,-3.9021,68.1354,72.0375,27.3235,0.8128,68.1354,23.1518,100.8757,190.7492,89.8734,136.4646,190.7492,100.8757,28.8513,0.0,100.0,100.0,77.0806,100.0,0.0,38.6765,0.114,1.7306,1.6166,0.8233,0.1667,1.3265,0.4834,-1.7306,-0.114,1.6166,-0.8233,-0.1667,-1.3265,0.4834,-1.7603,-0.1135,1.6468,-1.1753,-1.735,-0.1313,0.5315,-0.4001,0.2676,0.6677,-0.0457,-0.0091,-0.2005,0.1213
12092026-205903-AM  Kent Butaya-ford_mustang_gt3-rt_sebring-imsa2026.ld,AM  Kent Butaya,ford_mustang_gt3,rt_sebring-imsa2026,4,123.707,Turn 10,2.534,16.5283,68.7141,52.1858,39.3908,68.1354,17.6496,21.869,96.9782,132.2685,35.2902,110.1112,100.8757,132.2685,11.3351,0.0,0.0,0.0,0.0,0.0,0.0,0.0,0.6361,2.0379,1.4018,1.1989,1.3265,1.0394,0.3775,-2.0379,-0.6361,1.4018,-1.1989,-1.3265,-1.0394,0.3775,-0.1599,0.6562,0.8161,0.3863,-0.1313,0.5459,0.2843,-0.2368,0.5339,0.7707,-0.005,-0.2005,-0.0189,0.1396
12092026-205903-AM  Kent Butaya-ford_mustang_gt3-rt_sebring-imsa2026.ld,AM  Kent Butaya,ford_mustang_gt3,rt_sebring-imsa2026,4,123.707,Str 10-11,7.297,-19.9993,17.6496,37.6489,-1.7466,17.6496,-19.0089,6.2751,132.2685,217.2092,84.9408,179.9615,132.2685,217.2092,25.0625,0.0,0.0,0.0,0.0,0.0,0.0,0.0,0.0008,1.4789,1.4781,0.3317,1.0394,1.1622,0.3523,-1.1017,1.4789,2.5806,0.054,-1.0394,1.1622,0.48,-0.1725,0.6133,0.7858,0.3375,0.5459,0.2112,0.1294,-0.6255,0.51,1.1355,-0.0006,-0.0189,-0.017,0.2065
12092026-205903-AM  Kent Butaya-ford_mustang_gt3-rt_sebring-imsa2026.ld,AM  Kent Butaya,ford_mustang_gt3,rt_sebring-imsa2026,4,123.707,Turn 11,0.812,-25.9658,-11.9557,14.0101,-19.7067,-19.0089,-18.5417,5.0758,217.2092,221.8723,4.6631,219.6096,217.2092,221.8723,1.3855,0.0,0.0,0.0,0.0,0.0,0.0,0.0,1.1176,1.8703,0.7527,1.488,1.1622,1.6133,0.2049,1.1176,1.8703,0.7527,1.488,1.1622,1.6133,0.2049,0.1738,0.2688,0.095,0.2252,0.2112,0.2097,0.0223,-0.5349,0.405,0.9399,-0.0874,-0.017,-0.0815,0.2505
12092026-205903-AM  Kent Butaya-ford_mustang_gt3-rt_sebring-imsa2026.ld,AM  Kent Butaya,ford_mustang_gt3,rt_sebring-imsa2026,4,123.707,Str 11-12,0.716,-19.5067,0.1741,19.6809,-9.3303,-18.5417,-3.8245,8.1575,221.8723,226.5342,4.6619,224.0556,221.8723,226.5342,1.4383,0.0,0.0,0.0,0.0,0.0,0.0,0.0,0.2222,1.6442,1.422,1.1461,1.6133,0.2222,0.478,0.2222,1.6442,1.422,1.1461,1.6133,0.2222,0.478,0.1965,0.2361,0.0396,0.2178,0.2097,0.2313,0.0103,-0.2295,0.1245,0.354,-0.0226,-0.0815,-0.0825,0.0871
12092026-205903-AM  Kent Butaya-ford_mustang_gt3-rt_sebring-imsa2026.ld,AM  Kent Butaya,ford_mustang_gt3,rt_sebring-imsa2026,4,123.707,Turn 12,1.699,-22.1915,22.553,44.7445,-7.7753,-3.8245,16.2789,11.2784,222.1603,231.6559,9.4956,228.0739,226.5342,222.1603,2.6775,0.0,0.0,0.0,0.0,0.0,0.0,0.0,0.2059,2.105,1.8992,1.2106,0.2222,1.2539,0.6029,0.2059,2.105,1.8992,1.2106,0.2222,1.2539,0.6029,-0.2485,0.2313,0.4798,-0.0174,0.2313,-0.2093,0.2084,-0.414,0.3193,0.7333,-0.0457,-0.0825,0.1434,0.1551
12092026-205903-AM  Kent Butaya-ford_mustang_gt3-rt_sebring-imsa2026.ld,AM  Kent Butaya,ford_mustang_gt3,rt_sebring-imsa2026,4,123.707,Str 12-13,1.999,-16.5893,26.5241,43.1134,6.568,16.2789,26.5241,10.1177,126.9661,222.1603,95.1942,174.3624,222.1603,126.9661,31.1177,0.0,100.0,100.0,82.2643,0.0,27.3333,30.092,0.0198,1.4316,1.4118,0.5399,1.2539,1.4316,0.3785,-1.4316,1.2539,2.6856,-0.1935,1.2539,-1.4316,0.6284,-1.8304,-0.2074,1.623,-1.3169,-0.2093,-0.5202,0.4323,-0.3067,0.3475,0.6542,-0.0122,0.1434,0.0867,0.1637
12092026-205903-AM  Kent Butaya-ford_mustang_gt3-rt_sebring-imsa2026.ld,AM  Kent Butaya,ford_mustang_gt3,rt_sebring-imsa2026,4,123.707,Turn 13,3.183,-13.3738,42.8729,56.2467,27.113,26.5241,-13.3738,11.863,113.5429,135.669,22.1261,121.2593,126.9661,135.669,5.7728,0.0,27.3333,27.3333,1.9267,27.3333,0.0,6.6577,0.0155,1.9127,1.8971,1.2661,1.4316,0.2119,0.4066,-1.9127,0.2119,2.1246,-1.2594,-1.4316,0.2119,0.4194,-0.5484,0.6741,1.2225,0.1248,-0.5202,0.4384,0.328,-0.495,0.4469,0.9419,-0.0226,0.0867,0.038,0.1494
12092026-205903-AM  Kent Butaya-ford_mustang_gt3-rt_sebring-imsa2026.ld,AM  Kent Butaya,ford_mustang_gt3,rt_sebring-imsa2026,4,123.707,Str 13-14,3.789,-24.9715,50.8185,75.79,0.7891,-13.3738,50.5141,22.3751,110.1951,167.7807,57.5856,143.0531,135.669,110.1951,17.7112,0.0,100.0,100.0,27.5819,0.0,0.0,42.0375,0.0017,1.763,1.7614,0.8586,0.2119,1.7061,0.3807,-1.763,1.2591,3.0221,0.1248,0.2119,-1.7061,0.9275,-1.6605,0.5259,2.1864,-0.1724,0.4384,-0.1375,0.8101,-0.2926,0.2609,0.5535,-0.0157,0.038,0.1478,0.1112
12092026-205903-AM  Kent Butaya-ford_mustang_gt3-rt_sebring-imsa2026.ld,AM  Kent Butaya,ford_mustang_gt3,rt_sebring-imsa2026,4,123.707,Turn 14,26.955,-122.3998,61.1631,183.5629,7.6524,50.5141,1.3861,21.887,104.2214,258.5372,154.3159,179.6678,110.1951,178.1686,46.7778,0.0,100.0,100.0,7.9484,0.0,0.0,25.6433,0.0,2.2216,2.2215,0.7003,1.7061,0.2535,0.6051,-2.2216,0.6186,2.8401,-0.608,-1.7061,-0.2535,0.698,-1.8394,4.568,6.4074,0.1062,-0.1375,0.3397,0.5319,-0.6257,0.5934,1.2191,-0.0132,0.1478,0.029,0.1449
12092026-205903-AM  Kent Butaya-ford_mustang_gt3-rt_sebring-imsa2026.ld,AM  Kent Butaya,ford_mustang_gt3,rt_sebring-imsa2026,4,123.707,Str 0-1 (Start),4.167,-4.0563,4.6984,8.7547,-0.4194,1.3861,0.2238,1.9221,178.1686,218.6107,40.4421,200.4123,178.1686,218.6107,11.7417,0.0,0.0,0.0,0.0,0.0,0.0,0.0,0.0002,0.4285,0.4283,0.1373,0.2535,0.0323,0.11,-0.4285,0.2738,0.7023,-0.0754,-0.2535,-0.0323,0.1596,-0.1578,0.379,0.5368,0.2753,0.3397,0.2372,0.0834,-0.6402,0.4857,1.1259,-0.0004,0.029,0.2265,0.2139
17092026-204853-AM  Kent Butaya-ford_mustang_gt3-rt_sebring-raceday_endu_crc.ld,AM  Kent Butaya,ford_mustang_gt3,rt_sebring-raceday_endu_crc,1,124.096,Str 0-1 (End),7.419,-25.1731,9.803,34.9762,-3.4536,-1.0988,-25.1731,5.3643,145.3521,242.2816,96.9294,219.0404,219.1164,145.3521,25.6245,0.0,91.9444,91.9444,17.901,0.0,0.0,31.4332,0.001,2.1647,2.1637,0.4465,0.0224,0.9613,0.4696,-0.3651,2.1647,2.5299,0.3557,-0.0115,0.9613,0.5418,-1.5952,0.2682,1.8634,-0.2674,0.2197,-0.154,0.56,-0.6813,0.6995,1.3808,-0.0147,0.2221,-0.0091,0.235
17092026-204853-AM  Kent Butaya-ford_mustang_gt3-rt_sebring-raceday_endu_crc.ld,AM  Kent Butaya,ford_mustang_gt3,rt_sebring-raceday_endu_crc,1,124.096,Turn 1,4.205,-43.1757,88.4608,131.6365,-7.7295,-25.1731,-18.0097,32.8142,126.5291,150.9774,24.4482,136.1079,145.3521,150.9774,7.0462,0.0,0.0,0.0,0.0,0.0,0.0,0.0,0.061,3.8664,3.8054,1.25,0.9613,1.1989,0.4916,-3.8664,2.1642,6.0306,1.1721,0.9613,1.1989,0.6573,-1.599,0.5964,2.1953,0.1534,-0.154,0.2842,0.3028,-0.6536,0.4223,1.0759,-0.0341,-0.0091,0.29,0.1715
17092026-204853-AM  Kent Butaya-ford_mustang_gt3-rt_sebring-raceday_endu_crc.ld,AM  Kent Butaya,ford_mustang_gt3,rt_sebring-raceday_endu_crc,1,124.096,Str 1-2,7.181,-66.1954,12.7948,78.9901,-9.473,-18.0097,-66.1954,17.6331,92.6025,199.7822,107.1796,158.7902,150.9774,96.0469,33.5519,0.0,100.0,100.0,26.7653,0.0,0.0,42.6917,0.0003,1.671,1.6707,0.5288,1.1989,1.1639,0.4234,-1.3535,1.671,3.0244,0.1241,1.1989,1.1639,0.6657,-1.7815,0.5642,2.3457,-0.2079,0.2842,0.2689,0.8063,-0.6101,0.5487,1.1588,-0.0007,0.29,-0.0958,0.188
17092026-204853-AM  Kent Butaya-ford_mustang_gt3-rt_sebring-raceday_endu_crc.ld,AM  Kent Butaya,ford_mustang_gt3,rt_sebring-raceday_endu_crc,1,124.096,Turn 2,2.332,-69.5111,29.6708,99.1819,-36.4047,-66.1954,29.6708,30.8352,95.186,125.2918,30.1058,105.5055,96.0469,125.2918,9.3695,0.0,0.0,0.0,0.0,0.0,0.0,0.0,0.0153,1.7908,1.7755,1.0763,1.1639,0.8889,0.4306,-0.9358,1.7908,2.7267,0.9376,1.1639,-0.8889,0.664,-0.2037,0.7395,0.9432,0.3757,0.2689,0.5849,0.2377,-0.3426,0.3742,0.7168,-0.0231,-0.0958,-0.0431,0.1267
17092026-204853-AM  Kent Butaya-ford_mustang_gt3-rt_sebring-raceday_endu_crc.ld,AM  Kent Butaya,ford_mustang_gt3,rt_sebring-raceday_endu_crc,1,124.096,Str 2-3,0.66,26.5054,32.0703,5.5649,29.3685,29.6708,29.9491,1.6102,125.2918,137.1358,11.8439,131.0981,125.2918,137.1358,3.6745,0.0,0.0,0.0,0.0,0.0,0.0,0.0,0.8639,1.4313,0.5674,1.2296,0.8889,1.3117,0.1606,-1.4313,-0.8639,0.5674,-1.2296,-0.8889,-1.3117,0.1606,0.4516,0.6366,0.1851,0.5371,0.5849,0.4992,0.0446,-0.2049,0.2702,0.4751,0.0294,-0.0431,-0.0122,0.1371
17092026-204853-AM  Kent Butaya-ford_mustang_gt3-rt_sebring-raceday_endu_crc.ld,AM  Kent Butaya,ford_mustang_gt3,rt_sebring-raceday_endu_crc,1,124.096,Turn 3,0.768,-17.8291,29.9942,47.8233,8.5619,29.9491,-17.8291,15.8433,137.1358,146.7807,9.6449,141.403,137.1358,146.7807,2.7184,0.0,0.0,0.0,0.0,0.0,0.0,0.0,0.0217,1.5188,1.4971,0.945,1.3117,0.4471,0.4518,-1.5188,0.4471,1.9659,-0.8581,-1.3117,0.4471,0.5744,-0.0874,0.5784,0.6657,0.3871,0.4992,0.4611,0.1847,-0.1744,0.1378,0.3122,-0.0214,-0.0122,-0.0173,0.085
17092026-204853-AM  Kent Butaya-ford_mustang_gt3-rt_sebring-raceday_endu_crc.ld,AM  Kent Butaya,ford_mustang_gt3,rt_sebring-raceday_endu_crc,1,124.096,Str 3-4,0.769,-24.331,-17.8291,6.5019,-21.6256,-17.8291,-21.448,1.6504,123.4486,148.0208,24.5722,138.1798,146.7807,123.4486,7.984,0.0,80.7349,80.7349,60.638,0.0,59.3028,28.1933,0.4471,1.5349,1.0878,1.0526,0.4471,1.509,0.3095,0.4471,1.5349,1.0878,1.0526,0.4471,1.509,0.3095,-1.336,0.4611,1.7971,-0.7927,0.4611,-0.963,0.5939,-0.3827,0.237,0.6197,-0.0375,-0.0173,0.0638,0.1391
17092026-204853-AM  Kent Butaya-ford_mustang_gt3-rt_sebring-raceday_endu_crc.ld,AM  Kent Butaya,ford_mustang_gt3,rt_sebring-raceday_endu_crc,1,124.096,Turn 4,3.698,-66.281,-6.3477,59.9333,-37.876,-21.448,-6.3477,17.6366,104.648,138.6647,34.0166,116.7111,123.4486,138.6647,9.4528,0.0,59.3028,59.3028,2.9506,59.3028,0.0,11.107,0.4365,1.9886,1.5521,1.3399,1.509,0.4527,0.3571,0.4365,1.9886,1.5521,1.3399,1.509,0.4527,0.3571,-0.963,0.6648,1.6278,0.1728,-0.963,0.346,0.3959,-0.5159,0.286,0.802,-0.0185,0.0638,-0.0119,0.1259
17092026-204853-AM  Kent Butaya-ford_mustang_gt3-rt_sebring-raceday_endu_crc.ld,AM  Kent Butaya,ford_mustang_gt3,rt_sebring-raceday_endu_crc,1,124.096,Str 4-5,14.596,-6.5952,125.0772,131.6724,9.2488,-6.3477,125.0772,17.6071,79.4297,238.7382,159.3084,188.9016,138.6647,79.4297,39.4056,0.0,100.0,100.0,20.6551,0.0,100.0,40.0191,0.0002,1.6689,1.6686,0.5565,0.4527,1.5253,0.3905,-1.6689,0.5663,2.2351,-0.5285,0.4527,-1.5253,0.4276,-1.9617,0.6313,2.5929,-0.1059,0.346,-1.1205,0.6875,-0.6219,0.5874,1.2093,0.0009,-0.0119,0.2225,0.1827
17092026-204853-AM  Kent Butaya-ford_mustang_gt3-rt_sebring-raceday_endu_crc.ld,AM  Kent Butaya,ford_mustang_gt3,rt_sebring-raceday_endu_crc,1,124.096,Turn 5,2.615,-16.0315,147.2025,163.2341,84.8267,125.0772,-16.0315,54.3315,56.5217,91.7627,35.241,70.9767,79.4297,91.7627,10.9547,0.0,100.0,100.0,21.1,100.0,0.0,39.4041,0.6573,1.7315,1.0742,1.1855,1.5253,0.8388,0.2432,-1.7315,-0.6573,1.0742,-1.1855,-1.5253,-0.8388,0.2432,-1.1205,0.9099,2.0304,0.1539,-1.1205,0.3072,0.6621,-0.3699,0.2288,0.5988,-0.011,0.2225,-0.2217,0.1132
17092026-204853-AM  Kent Butaya-ford_mustang_gt3-rt_sebring-raceday_endu_crc.ld,AM  Kent Butaya,ford_mustang_gt3,rt_sebring-raceday_endu_crc,1,124.096,Str 5-6,9.225,-21.7426,17.9028,39.6454,1.3231,-16.0315,-18.0529,10.5696,91.7627,212.8477,121.085,161.9802,91.7627,212.3983,35.5593,0.0,0.0,0.0,0.0,0.0,0.0,0.0,0.0062,1.7699,1.7636,0.5804,0.8388,1.7699,0.3048,-1.2037,1.7699,2.9736,-0.2371,-0.8388,1.7699,0.6076,-0.2006,1.0357,1.2363,0.3826,0.3072,-0.2006,0.1675,-0.6183,0.6229,1.2412,0.0015,-0.2217,0.2816,0.1727
17092026-204853-AM  Kent Butaya-ford_mustang_gt3-rt_sebring-raceday_endu_crc.ld,AM  Kent Butaya,ford_mustang_gt3,rt_sebring-raceday_endu_crc,1,124.096,Turn 6,1.025,-19.6509,-10.594,9.0569,-14.862,-18.0529,-10.594,3.028,212.2829,217.7346,5.4518,214.6383,212.3983,217.7346,1.7054,0.0,0.0,0.0,0.0,0.0,0.0,0.0,0.8546,1.8634,1.0088,1.4066,1.7699,1.0451,0.2854,0.8546,1.8634,1.0088,1.4066,1.7699,1.0451,0.2854,-0.205,0.2768,0.4818,0.1882,-0.2006,0.2282,0.1011,-0.5604,0.3952,0.9556,0.0032,0.2816,-0.0495,0.2322
17092026-204853-AM  Kent Butaya-ford_mustang_gt3-rt_sebring-raceday_endu_crc.ld,AM  Kent Butaya,ford_mustang_gt3,rt_sebring-raceday_endu_crc,1,124.096,Str 6-7,5.152,-10.594,93.5655,104.1595,14.8656,-10.594,93.5655,28.5777,86.9152,231.7088,144.7937,178.7516,217.7346,86.9152,51.9269,0.0,100.0,100.0,50.246,0.0,0.0,48.6034,0.0012,1.9633,1.9621,0.4659,1.0451,1.4156,0.4868,-1.9633,1.0893,3.0526,-0.2786,1.0451,-1.4156,0.6132,-1.8461,0.233,2.0791,-0.7059,0.2282,-0.1472,0.8398,-0.6235,0.6237,1.2472,-0.0199,-0.0495,-0.1248,0.1868
17092026-204853-AM  Kent Butaya-ford_mustang_gt3-rt_sebring-raceday_endu_crc.ld,AM  Kent Butaya,ford_mustang_gt3,rt_sebring-raceday_endu_crc,1,124.096,Turn 7,2.56,8.4739,95.5621,87.0882,50.299,93.5655,8.7904,28.6274,84.9711,118.6794,33.7083,97.6396,86.9152,118.6794,10.3211,0.0,0.0,0.0,0.0,0.0,0.0,0.0,0.5394,1.7231,1.1837,1.1697,1.4156,0.5394,0.3019,-1.7231,-0.5394,1.1837,-1.1697,-1.4156,-0.5394,0.3019,-0.1912,0.6811,0.8723,0.3748,-0.1472,0.6212,0.2319,-0.3805,0.2511,0.6316,-0.0225,-0.1248,0.0369,0.1273
17092026-204853-AM  Kent Butaya-ford_mustang_gt3-rt_sebring-raceday_endu_crc.ld,AM  Kent Butaya,ford_mustang_gt3,rt_sebring-raceday_endu_crc,1,124.096,Str 7-8,1.181,-43.1665,8.7904,51.957,-25.4143,8.7904,-18.4568,15.9136,118.6794,138.1962,19.5167,129.8929,118.6794,138.1752,6.1276,0.0,0.0,0.0,0.0,0.0,0.0,0.0,0.0347,1.7379,1.7031,1.0728,0.5394,1.5449,0.528,-0.5408,1.7379,2.2787,0.9361,-0.5394,1.5449,0.7485,-0.083,0.6643,0.7473,0.5026,0.6212,-0.0787,0.1488,-0.2174,0.2466,0.464,0.0019,0.0369,0.0767,0.1057
17092026-204853-AM  Kent Butaya-ford_mustang_gt3-rt_sebring-raceday_endu_crc.ld,AM  Kent Butaya,ford_mustang_gt3,rt_sebring-raceday_endu_crc,1,124.096,Turn 8,3.549,-37.2566,-5.3599,31.8967,-23.1179,-18.4568,-5.3599,7.0361,138.1505,180.2773,42.1268,160.7149,138.1752,180.2773,12.3824,0.0,0.0,0.0,0.0,0.0,0.0,0.0,0.6554,1.9614,1.3059,1.2752,1.5449,0.6554,0.2343,0.6554,1.9614,1.3059,1.2752,1.5449,0.6554,0.2343,-0.1332,0.5244,0.6576,0.3647,-0.0787,0.3298,0.1191,-0.3558,0.3446,0.7004,-0.0138,0.0767,-0.3316,0.1209
17092026-204853-AM  Kent Butaya-ford_mustang_gt3-rt_sebring-raceday_endu_crc.ld,AM  Kent Butaya,ford_mustang_gt3,rt_sebring-raceday_endu_crc,1,124.096,Str 8-9,1.604,-5.3599,14.3888,19.7487,7.3956,-5.3599,13.9651,4.9053,180.2773,197.5622,17.285,189.2438,180.2773,197.5622,5.2606,0.0,0.0,0.0,0.0,0.0,0.0,0.0,0.0223,1.2535,1.2312,0.7106,0.6554,1.2535,0.288,-1.2535,0.6554,1.9089,-0.5631,0.6554,-1.2535,0.5227,0.2613,0.3615,0.1002,0.3169,0.3298,0.3283,0.0216,-0.3316,0.436,0.7676,-0.0154,-0.3316,-0.0041,0.1759
17092026-204853-AM  Kent Butaya-ford_mustang_gt3-rt_sebring-raceday_endu_crc.ld,AM  Kent Butaya,ford_mustang_gt3,rt_sebring-raceday_endu_crc,1,124.096,Turn 9,0.775,-4.2801,13.9651,18.2452,8.0075,13.9651,-4.2801,6.0748,186.7282,201.2092,14.481,197.2712,197.5622,186.7282,3.8059,0.0,100.0,100.0,40.3162,0.0,100.0,44.3778,0.6055,1.4261,0.8206,1.0722,1.2535,0.6055,0.2189,-1.4261,-0.6055,0.8206,-1.0722,-1.2535,-0.6055,0.2189,-1.6984,0.3283,2.0267,-0.387,0.3283,-1.6104,0.8182,-0.2747,0.2302,0.505,-0.0044,-0.0041,-0.0248,0.1349
17092026-204853-AM  Kent Butaya-ford_mustang_gt3-rt_sebring-raceday_endu_crc.ld,AM  Kent Butaya,ford_mustang_gt3,rt_sebring-raceday_endu_crc,1,124.096,Str 9-10,2.168,-4.4467,68.1687,72.6154,29.7253,-4.2801,65.6218,27.4808,101.1196,186.7282,85.6086,132.8788,186.7282,101.1196,27.7339,0.0,100.0,100.0,69.1779,100.0,0.0,42.333,0.1583,1.7453,1.5869,0.8298,0.6055,1.1433,0.5174,-1.7453,-0.1583,1.5869,-0.8298,-0.6055,-1.1433,0.5174,-1.7378,-0.1076,1.6302,-1.0904,-1.6104,-0.1179,0.591,-0.4327,0.2451,0.6778,-0.0413,-0.0248,-0.3807,0.1291
17092026-204853-AM  Kent Butaya-ford_mustang_gt3-rt_sebring-raceday_endu_crc.ld,AM  Kent Butaya,ford_mustang_gt3,rt_sebring-raceday_endu_crc,1,124.096,Turn 10,2.432,-1.5692,69.7897,71.3589,36.9556,65.6218,18.7609,19.902,100.2994,135.8465,35.5471,114.7152,101.1196,135.8465,11.3843,0.0,0.0,0.0,0.0,0.0,0.0,0.0,0.5985,1.9685,1.37,1.2664,1.1433,1.2011,0.3124,-1.9685,-0.5985,1.37,-1.2664,-1.1433,-1.2011,0.3124,-0.1523,0.749,0.9013,0.4366,-0.1179,0.5993,0.2021,-0.3807,0.5362,0.9169,-0.0042,-0.3807,0.0764,0.1736
17092026-204853-AM  Kent Butaya-ford_mustang_gt3-rt_sebring-raceday_endu_crc.ld,AM  Kent Butaya,ford_mustang_gt3,rt_sebring-raceday_endu_crc,1,124.096,Str 10-11,7.253,-23.1803,18.7609,41.9412,-1.9574,18.7609,-16.6091,7.6542,135.8465,215.8427,79.9963,181.0292,135.8465,215.8427,24.1382,0.0,0.0,0.0,0.0,0.0,0.0,0.0,0.0013,2.0275,2.0263,0.391,1.2011,1.3639,0.4005,-1.346,2.0275,3.3736,0.0806,-1.2011,1.3639,0.5529,-0.1974,0.7035,0.9009,0.317,0.5993,0.1783,0.1317,-0.5767,0.6509,1.2276,-0.0055,0.0764,-0.2054,0.2137
17092026-204853-AM  Kent Butaya-ford_mustang_gt3-rt_sebring-raceday_endu_crc.ld,AM  Kent Butaya,ford_mustang_gt3,rt_sebring-raceday_endu_crc,1,124.096,Turn 11,0.812,-20.0426,-0.4133,19.6293,-11.1926,-16.6091,-2.3739,7.2741,215.8427,220.7779,4.9352,218.1713,215.8427,220.7779,1.5095,0.0,0.0,0.0,0.0,0.0,0.0,0.0,0.3799,2.0429,1.663,1.26,1.3639,0.3799,0.4225,0.3799,2.0429,1.663,1.26,1.3639,0.3799,0.4225,0.141,0.2517,0.1107,0.2039,0.1783,0.214,0.0232,-0.5741,0.8232,1.3973,-0.0539,-0.2054,-0.1837,0.3391
17092026-204853-AM  Kent Butaya-ford_mustang_gt3-rt_sebring-raceday_endu_crc.ld,AM  Kent Butaya,ford_mustang_gt3,rt_sebring-raceday_endu_crc,1,124.096,Str 11-12,0.712,-17.748,-2.0429,15.7051,-10.0276,-2.3739,-8.5065,4.9882,220.7779,225.6178,4.8399,223.3413,220.7779,225.6178,1.4803,0.0,0.0,0.0,0.0,0.0,0.0,0.0,0.193,1.3034,1.1103,0.722,0.3799,1.231,0.3726,0.193,1.3034,1.1103,0.722,0.3799,1.231,0.3726,0.1507,0.2315,0.0808,0.2027,0.214,0.2152,0.0205,-0.2727,0.2309,0.5035,-0.0276,-0.1837,-0.0848,0.1387
17092026-204853-AM  Kent Butaya-ford_mustang_gt3-rt_sebring-raceday_endu_crc.ld,AM  Kent Butaya,ford_mustang_gt3,rt_sebring-raceday_endu_crc,1,124.096,Turn 12,1.671,-25.1799,-1.1935,23.9863,-16.3602,-8.5065,-1.1935,5.6534,225.6178,233.3929,7.7752,229.8566,225.6178,233.3929,2.2521,0.0,0.0,0.0,0.0,0.0,0.0,0.0,0.9308,2.0554,1.1246,1.4993,1.231,1.4209,0.2772,0.9308,2.0554,1.1246,1.4993,1.231,1.4209,0.2772,0.0733,0.2353,0.162,0.1806,0.2152,0.2039,0.0313,-0.5111,0.2708,0.782,-0.0328,-0.0848,0.0617,0.1645
17092026-204853-AM  Kent Butaya-ford_mustang_gt3-rt_sebring-raceday_endu_crc.ld,AM  Kent Butaya,ford_mustang_gt3,rt_sebring-raceday_endu_crc,1,124.096,Str 12-13,1.822,-1.1935,20.8491,22.0427,8.344,-1.1935,18.1853,6.0879,146.3314,233.9547,87.6233,192.209,233.3929,146.3314,28.387,0.0,100.0,100.0,84.8131,0.0,73.3474,28.1523,0.0021,1.4882,1.486,0.844,1.4209,1.4882,0.3207,-1.4882,1.4209,2.909,-0.6195,1.4209,-1.4882,0.6594,-1.9248,0.2103,2.1351,-1.3041,0.2039,-1.0905,0.5144,-0.4173,0.4718,0.889,-0.0322,0.0617,0.0341,0.1903
17092026-204853-AM  Kent Butaya-ford_mustang_gt3-rt_sebring-raceday_endu_crc.ld,AM  Kent Butaya,ford_mustang_gt3,rt_sebring-raceday_endu_crc,1,124.096,Turn 13,2.843,-76.9297,37.9141,114.8438,8.0083,18.1853,5.9435,24.5783,134.551,147.0832,12.5322,137.9332,146.3314,147.0832,3.5317,0.0,73.3474,73.3474,4.0629,73.3474,0.0,14.6135,0.8801,2.164,1.2839,1.481,1.4882,0.8801,0.2771,-2.164,-0.8801,1.2839,-1.481,-1.4882,-0.8801,0.2771,-1.0905,0.5336,1.6241,0.1521,-1.0905,0.4267,0.3392,-0.5458,0.3555,0.9013,-0.0325,0.0341,-0.0979,0.1591
17092026-204853-AM  Kent Butaya-ford_mustang_gt3-rt_sebring-raceday_endu_crc.ld,AM  Kent Butaya,ford_mustang_gt3,rt_sebring-raceday_endu_crc,1,124.096,Str 13-14,3.704,-31.4227,62.2601,93.6828,6.5304,5.9435,62.2601,27.8481,117.2415,167.9846,50.7431,146.2112,147.0832,117.2415,17.4551,0.0,98.9103,98.9103,21.4507,0.0,0.0,35.6941,0.0027,1.8931,1.8905,1.1244,0.8801,1.5674,0.4689,-1.6509,1.8931,3.544,0.0176,-0.8801,-1.5674,1.2186,-1.6869,0.4997,2.1866,-0.1829,0.4267,-0.1313,0.6998,-0.3035,0.3713,0.6749,-0.0253,-0.0979,-0.078,0.1288
17092026-204853-AM  Kent Butaya-ford_mustang_gt3-rt_sebring-raceday_endu_crc.ld,AM  Kent Butaya,ford_mustang_gt3,rt_sebring-raceday_endu_crc,1,124.096,Turn 14,27.132,-153.6756,63.8479,217.5235,2.5821,62.2601,5.7891,28.9868,109.2166,249.9705,140.7539,179.2367,117.2415,174.4933,46.8313,0.0,100.0,100.0,7.5569,0.0,0.0,24.6269,0.0004,2.0934,2.093,0.6251,1.5674,0.6388,0.6358,-2.0934,0.3718,2.4652,-0.5878,-1.5674,-0.6388,0.6705,-1.9061,0.6244,2.5305,0.1059,-0.1313,0.305,0.4569,-0.8194,0.6344,1.4538,-0.013,-0.078,0.105,0.1608
17092026-204853-AM  Kent Butaya-ford_mustang_gt3-rt_sebring-raceday_endu_crc.ld,AM  Kent Butaya,ford_mustang_gt3,rt_sebring-raceday_endu_crc,1,124.096,Str 0-1 (Start),4.234,-6.0905,6.3344,12.4249,-0.2836,5.7891,-0.8821,3.2785,174.4933,215.4226,40.9293,196.9324,174.4933,215.4226,12.1968,0.0,0.0,0.0,0.0,0.0,0.0,0.0,0.001,0.6895,0.6885,0.2246,0.6388,0.1556,0.2079,-0.6895,0.4391,1.1286,-0.0773,-0.6388,0.1556,0.2965,-0.1969,0.5174,0.7143,0.278,0.305,0.2322,0.0883,-0.7182,0.5177,1.2359,0.0017,0.105,0.1967,0.2319
17092026-204853-AM  Kent Butaya-ford_mustang_gt3-rt_sebring-raceday_endu_crc.ld,AM  Kent Butaya,ford_mustang_gt3,rt_sebring-raceday_endu_crc,2,122.297,Str 0-1 (End),7.265,-24.2515,2.5078,26.7593,-3.7504,-0.8821,-17.1614,5.0487,178.2436,243.2086,64.965,224.1051,215.4226,178.2436,17.6056,0.0,93.2066,93.2066,10.9375,0.0,0.0,25.4363,0.0013,2.065,2.0638,0.4437,0.1556,1.0195,0.5638,-0.257,2.065,2.3221,0.3853,0.1556,1.0195,0.6052,-1.6277,0.2607,1.8884,-0.1304,0.2322,-0.1883,0.477,-0.592,0.6809,1.2729,-0.0112,0.1967,0.0167,0.2363
17092026-204853-AM  Kent Butaya-ford_mustang_gt3-rt_sebring-raceday_endu_crc.ld,AM  Kent Butaya,ford_mustang_gt3,rt_sebring-raceday_endu_crc,2,122.297,Turn 1,3.497,-38.3004,115.1348,153.4352,3.7817,-17.1614,33.9497,43.7957,156.6649,178.2436,21.5787,163.4475,178.2436,160.5236,7.3637,0.0,0.0,0.0,0.0,0.0,0.0,0.0,0.9112,2.4259,1.5148,1.5962,1.0195,1.1446,0.2944,0.9112,2.4259,1.5148,1.5962,1.0195,1.1446,0.2944,-0.2602,0.5384,0.7986,0.0923,-0.1883,0.3823,0.2625,-0.6022,0.6258,1.2279,-0.0334,0.0167,-0.1073,0.195
17092026-204853-AM  Kent Butaya-ford_mustang_gt3-rt_sebring-raceday_endu_crc.ld,AM  Kent Butaya,ford_mustang_gt3,rt_sebring-raceday_endu_crc,2,122.297,Str 1-2,7.183,-151.3139,120.1377,271.4517,-2.5961,33.9497,-54.6073,37.2858,100.0028,191.9205,91.9178,159.3723,160.5236,100.0028,26.9636,0.0,100.0,100.0,20.8006,0.0,0.0,36.639,0.0024,1.7797,1.7773,0.7668,1.1446,1.4306,0.5012,-1.7797,1.7308,3.5105,0.1854,1.1446,1.4306,0.8971,-1.7459,0.5545,2.3004,-0.1957,0.3823,-0.1471,0.7062,-0.9105,0.8723,1.7828,-0.0099,-0.1073,-0.1079,0.237
17092026-204853-AM  Kent Butaya-ford_mustang_gt3-rt_sebring-raceday_endu_crc.ld,AM  Kent Butaya,ford_mustang_gt3,rt_sebring-raceday_endu_crc,2,122.297,Turn 2,2.329,-59.569,22.9606,82.5296,-30.1378,-54.6073,22.9606,25.6047,96.1168,124.2581,28.1413,105.4397,100.0028,124.2581,8.4754,0.0,0.0,0.0,0.0,0.0,0.0,0.0,0.0658,1.7353,1.6695,1.0809,1.4306,0.8101,0.4234,-0.8286,1.7353,2.5639,0.9508,1.4306,-0.8101,0.6495,-0.1999,0.8669,1.0669,0.3187,-0.1471,0.6175,0.3128,-0.3802,0.7867,1.1669,-0.0275,-0.1079,-0.018,0.1777
17092026-204853-AM  Kent Butaya-ford_mustang_gt3-rt_sebring-raceday_endu_crc.ld,AM  Kent Butaya,ford_mustang_gt3,rt_sebring-raceday_endu_crc,2,122.297,Str 2-3,0.665,22.9606,35.3956,12.435,31.4922,22.9606,34.5821,3.6159,124.2581,136.168,11.9099,130.1485,124.2581,136.168,3.6935,0.0,0.0,0.0,0.0,0.0,0.0,0.0,0.8088,1.5109,0.7021,1.2313,0.8101,1.4667,0.2091,-1.5109,-0.8088,0.7021,-1.2313,-0.8101,-1.4667,0.2091,0.4419,0.6778,0.2359,0.5375,0.6175,0.4743,0.0595,-0.2322,0.3406,0.5727,0.0307,-0.018,0.0127,0.1542
17092026-204853-AM  Kent Butaya-ford_mustang_gt3-rt_sebring-raceday_endu_crc.ld,AM  Kent Butaya,ford_mustang_gt3,rt_sebring-raceday_endu_crc,2,122.297,Turn 3,0.776,-18.2674,34.5821,52.8495,7.6104,34.5821,-18.2674,16.2244,136.168,145.089,8.921,140.5757,136.168,145.0574,2.7154,0.0,29.1318,29.1318,2.7126,0.0,29.1318,5.941,0.0223,1.5872,1.5649,1.0248,1.4667,0.449,0.4747,-1.5872,0.449,2.0363,-0.9449,-1.4667,0.449,0.5895,-0.076,0.5971,0.6731,0.3665,0.4743,0.1326,0.1757,-0.1451,0.1171,0.2622,-0.0213,0.0127,-0.0225,0.0714
17092026-204853-AM  Kent Butaya-ford_mustang_gt3-rt_sebring-raceday_endu_crc.ld,AM  Kent Butaya,ford_mustang_gt3,rt_sebring-raceday_endu_crc,2,122.297,Str 3-4,0.818,-21.4501,-18.0158,3.4342,-19.2851,-18.2674,-21.4501,0.682,115.6719,145.0574,29.3855,129.784,145.0574,115.6719,9.7279,20.9178,91.7167,70.7989,64.735,29.1318,20.9178,22.2235,0.449,1.6182,1.1691,1.0445,0.449,1.5376,0.3123,0.449,1.6182,1.1691,1.0445,0.449,1.5376,0.3123,-1.3846,0.1326,1.5173,-0.9563,0.1326,-0.4916,0.3785,-0.291,0.2358,0.5268,-0.0282,-0.0225,0.0987,0.1169
17092026-204853-AM  Kent Butaya-ford_mustang_gt3-rt_sebring-raceday_endu_crc.ld,AM  Kent Butaya,ford_mustang_gt3,rt_sebring-raceday_endu_crc,2,122.297,Turn 4,3.652,-65.1903,-16.1907,48.9996,-37.7711,-21.4501,-16.1907,13.1027,105.6403,140.6114,34.9711,118.2097,115.6719,140.6114,10.7106,0.0,20.9178,20.9178,0.7466,20.9178,0.0,3.4634,0.4388,1.8086,1.3698,1.3369,1.5376,0.828,0.2981,0.4388,1.8086,1.3698,1.3369,1.5376,0.828,0.2981,-0.4916,0.661,1.1527,0.2393,-0.4916,0.0833,0.3255,-0.4238,0.3349,0.7587,-0.0222,0.0987,-0.0958,0.148
17092026-204853-AM  Kent Butaya-ford_mustang_gt3-rt_sebring-raceday_endu_crc.ld,AM  Kent Butaya,ford_mustang_gt3,rt_sebring-raceday_endu_crc,2,122.297,Str 4-5,15.253,-16.1907,105.2525,121.4433,11.0851,-16.1907,96.5087,22.87,67.8081,241.7909,173.9828,180.9371,140.6114,72.1517,47.8628,0.0,100.0,100.0,20.4464,0.0,0.0,36.855,0.0001,1.5186,1.5185,0.5676,0.828,1.4449,0.4131,-1.5186,1.0572,2.5758,-0.5129,0.828,-1.4449,0.4794,-1.8678,0.7145,2.5823,-0.1192,0.0833,0.319,0.7066,-0.6203,0.5717,1.192,0.0029,-0.0958,0.1331,0.1762
17092026-204853-AM  Kent Butaya-ford_mustang_gt3-rt_sebring-raceday_endu_crc.ld,AM  Kent Butaya,ford_mustang_gt3,rt_sebring-raceday_endu_crc,2,122.297,Turn 5,1.969,30.9188,104.2038,73.285,69.7534,96.5087,31.0387,26.0559,72.1517,95.0878,22.9361,81.8977,72.1517,95.0878,6.2528,0.0,0.0,0.0,0.0,0.0,0.0,0.0,0.8068,1.7661,0.9593,1.2699,1.4449,0.9869,0.2175,-1.7661,-0.8068,0.9593,-1.2699,-1.4449,-0.9869,0.2175,-0.1496,0.695,0.8446,0.3522,0.319,0.4999,0.154,-0.3026,0.2758,0.5784,0.0087,0.1331,-0.0941,0.1312
17092026-204853-AM  Kent Butaya-ford_mustang_gt3-rt_sebring-raceday_endu_crc.ld,AM  Kent Butaya,ford_mustang_gt3,rt_sebring-raceday_endu_crc,2,122.297,Str 5-6,9.091,-20.2623,31.043,51.3053,3.7609,31.0387,-13.8682,9.3163,95.0878,212.4406,117.3528,164.557,95.0878,212.4406,33.9055,0.0,0.0,0.0,0.0,0.0,0.0,0.0,0.0002,1.5044,1.5043,0.5903,0.9869,1.5044,0.3839,-1.31,1.5044,2.8145,-0.2752,-0.9869,1.5044,0.6451,-0.1588,0.8592,1.018,0.3784,0.4999,0.1709,0.1657,-0.4897,0.6085,1.0982,0.0009,-0.0941,0.1889,0.1675
17092026-204853-AM  Kent Butaya-ford_mustang_gt3-rt_sebring-raceday_endu_crc.ld,AM  Kent Butaya,ford_mustang_gt3,rt_sebring-raceday_endu_crc,2,122.297,Turn 6,1.015,-13.8682,-4.2315,9.6367,-9.8527,-13.8682,-5.5909,3.133,212.4406,219.1759,6.7353,215.758,212.4406,219.1759,2.0675,0.0,0.0,0.0,0.0,0.0,0.0,0.0,0.5004,1.5766,1.0762,1.0744,1.5044,0.5004,0.2497,0.5004,1.5766,1.0762,1.0744,1.5044,0.5004,0.2497,0.1651,0.2452,0.0801,0.2046,0.1709,0.2149,0.0214,-0.4458,0.3745,0.8203,0.007,0.1889,-0.1938,0.1971
17092026-204853-AM  Kent Butaya-ford_mustang_gt3-rt_sebring-raceday_endu_crc.ld,AM  Kent Butaya,ford_mustang_gt3,rt_sebring-raceday_endu_crc,2,122.297,Str 6-7,4.945,-7.5352,66.5327,74.0679,11.4281,-5.5909,66.5327,21.5704,88.7236,233.4023,144.6787,185.9378,219.1759,88.7236,48.0027,0.0,100.0,100.0,56.1791,0.0,82.4128,49.1262,0.0042,1.4874,1.4833,0.4799,0.5004,1.1826,0.4015,-1.4874,0.6713,2.1588,-0.2683,0.5004,-1.1826,0.5652,-1.8157,0.2409,2.0566,-0.729,0.2149,-0.8662,0.8404,-0.5484,0.5609,1.1093,-0.022,-0.1938,-0.1657,0.1877
17092026-204853-AM  Kent Butaya-ford_mustang_gt3-rt_sebring-raceday_endu_crc.ld,AM  Kent Butaya,ford_mustang_gt3,rt_sebring-raceday_endu_crc,2,122.297,Turn 7,2.724,6.456,67.6234,61.1674,41.608,66.5327,9.5895,20.4923,80.2855,117.0151,36.7296,93.5334,88.7236,117.0151,11.4391,0.0,82.4128,82.4128,3.3701,82.4128,0.0,14.3864,0.5489,1.8523,1.3035,1.1651,1.1826,0.7965,0.3257,-1.8523,-0.5489,1.3035,-1.1651,-1.1826,-0.7965,0.3257,-0.8662,0.7785,1.6448,0.3403,-0.8662,0.5984,0.3798,-0.3908,0.22,0.6108,-0.0222,-0.1657,0.097,0.1282
17092026-204853-AM  Kent Butaya-ford_mustang_gt3-rt_sebring-raceday_endu_crc.ld,AM  Kent Butaya,ford_mustang_gt3,rt_sebring-raceday_endu_crc,2,122.297,Str 7-8,1.186,-37.0446,9.5895,46.6342,-26.7116,9.5895,-34.0021,13.6505,117.0151,139.2139,22.1989,128.6729,117.0151,139.2139,6.5856,0.0,0.0,0.0,0.0,0.0,0.0,0.0,0.0077,1.6204,1.6126,1.0056,0.7965,1.4285,0.4311,-0.7965,1.6204,2.4168,0.8447,-0.7965,1.4285,0.7005,0.4145,0.6281,0.2136,0.5471,0.5984,0.5366,0.0473,-0.2239,0.2307,0.4546,-0.0051,0.097,0.0595,0.0951
17092026-204853-AM  Kent Butaya-ford_mustang_gt3-rt_sebring-raceday_endu_crc.ld,AM  Kent Butaya,ford_mustang_gt3,rt_sebring-raceday_endu_crc,2,122.297,Turn 8,3.576,-42.6212,-7.3832,35.238,-26.4453,-34.0021,-7.5279,12.1972,139.2139,179.8877,40.6738,159.5764,139.2139,179.8877,12.598,0.0,0.0,0.0,0.0,0.0,0.0,0.0,0.4421,1.826,1.3839,1.2806,1.4285,0.4535,0.3399,0.4421,1.826,1.3839,1.2806,1.4285,0.4535,0.3399,-0.1656,0.5366,0.7022,0.3606,0.5366,0.3111,0.1272,-0.3089,0.2954,0.6042,-0.021,0.0595,-0.3067,0.1143
17092026-204853-AM  Kent Butaya-ford_mustang_gt3-rt_sebring-raceday_endu_crc.ld,AM  Kent Butaya,ford_mustang_gt3,rt_sebring-raceday_endu_crc,2,122.297,Str 8-9,1.614,-7.5279,15.6431,23.171,6.9811,-7.5279,14.8374,5.7042,179.8877,197.3041,17.4164,188.9841,179.8877,197.3041,5.1511,0.0,0.0,0.0,0.0,0.0,0.0,0.0,0.0301,1.2368,1.2067,0.6686,0.4535,1.0118,0.3295,-1.2368,0.5324,1.7692,-0.5436,0.4535,-1.0118,0.5125,0.2427,0.3563,0.1135,0.3138,0.3111,0.3066,0.0244,-0.3698,0.498,0.8678,-0.0228,-0.3067,0.0284,0.2069
17092026-204853-AM  Kent Butaya-ford_mustang_gt3-rt_sebring-raceday_endu_crc.ld,AM  Kent Butaya,ford_mustang_gt3,rt_sebring-raceday_endu_crc,2,122.297,Turn 9,0.771,-5.3612,18.7097,24.0709,10.5962,14.8374,-5.3612,7.1468,194.999,202.2519,7.2529,199.644,197.3041,194.999,1.766,0.0,100.0,100.0,22.2365,0.0,100.0,35.0324,0.8055,1.4714,0.6659,1.1499,1.0118,0.8055,0.1743,-1.4714,-0.8055,0.6659,-1.1499,-1.0118,-0.8055,0.1743,-1.7129,0.3649,2.0778,-0.0781,0.3066,-1.6308,0.6496,-0.2203,0.193,0.4133,-0.014,0.0284,0.0434,0.0968
17092026-204853-AM  Kent Butaya-ford_mustang_gt3-rt_sebring-raceday_endu_crc.ld,AM  Kent Butaya,ford_mustang_gt3,rt_sebring-raceday_endu_crc,2,122.297,Str 9-10,2.016,-6.2399,56.942,63.1819,25.2158,-5.3612,55.8903,22.4849,108.8439,194.999,86.1551,142.6038,194.999,108.8439,27.9695,0.0,100.0,100.0,73.888,100.0,0.0,39.2555,0.0382,1.808,1.7698,0.883,0.8055,1.3602,0.4907,-1.808,-0.0382,1.7698,-0.883,-0.8055,-1.3602,0.4907,-1.8579,-0.1307,1.7271,-1.1646,-1.6308,-0.1348,0.5482,-0.3905,0.2591,0.6496,-0.0514,0.0434,-0.2512,0.125
17092026-204853-AM  Kent Butaya-ford_mustang_gt3-rt_sebring-raceday_endu_crc.ld,AM  Kent Butaya,ford_mustang_gt3,rt_sebring-raceday_endu_crc,2,122.297,Turn 10,2.436,10.8942,64.9073,54.0132,40.6132,55.8903,16.7912,18.1235,104.923,133.2621,28.3392,115.5196,108.8439,133.2621,8.6199,0.0,0.0,0.0,0.0,0.0,0.0,0.0,0.6655,2.049,1.3835,1.373,1.3602,1.1012,0.3268,-2.049,-0.6655,1.3835,-1.373,-1.3602,-1.1012,0.3268,-0.1658,0.7457,0.9114,0.343,-0.1348,0.5457,0.2579,-0.3297,0.4642,0.7939,-0.0039,-0.2512,0.0775,0.1628
17092026-204853-AM  Kent Butaya-ford_mustang_gt3-rt_sebring-raceday_endu_crc.ld,AM  Kent Butaya,ford_mustang_gt3,rt_sebring-raceday_endu_crc,2,122.297,Str 10-11,7.312,-24.5306,16.7912,41.3218,-2.0343,16.7912,-10.1099,6.5071,133.2621,215.2687,82.0066,179.5712,133.2621,215.2687,24.6181,0.0,0.0,0.0,0.0,0.0,0.0,0.0,0.0005,1.5105,1.51,0.329,1.1012,1.2479,0.3719,-1.1681,1.5105,2.6786,0.0992,-1.1012,1.2479,0.4858,-0.1879,0.7431,0.9311,0.3258,0.5457,0.3406,0.1346,-0.606,0.6065,1.2125,-0.0022,0.0775,0.0562,0.2035
17092026-204853-AM  Kent Butaya-ford_mustang_gt3-rt_sebring-raceday_endu_crc.ld,AM  Kent Butaya,ford_mustang_gt3,rt_sebring-raceday_endu_crc,2,122.297,Turn 11,0.812,-16.822,-5.2598,11.5622,-10.6362,-10.1099,-7.2002,3.5937,215.2687,220.6392,5.3705,217.8913,215.2687,220.6392,1.6012,0.0,0.0,0.0,0.0,0.0,0.0,0.0,0.7099,1.553,0.8431,1.1103,1.2479,0.7208,0.2451,0.7099,1.553,0.8431,1.1103,1.2479,0.7208,0.2451,0.1061,0.372,0.2659,0.2149,0.3406,0.2095,0.0475,-0.5513,0.7417,1.293,-0.0373,0.0562,-0.2035,0.3269
17092026-204853-AM  Kent Butaya-ford_mustang_gt3-rt_sebring-raceday_endu_crc.ld,AM  Kent Butaya,ford_mustang_gt3,rt_sebring-raceday_endu_crc,2,122.297,Str 11-12,0.715,-16.2937,-7.2002,9.0935,-11.5608,-7.2002,-16.2937,2.7588,220.6392,225.3803,4.7411,223.0765,220.6392,225.3803,1.5004,0.0,0.0,0.0,0.0,0.0,0.0,0.0,0.6813,1.3169,0.6356,0.9594,0.7208,1.3169,0.1691,0.6813,1.3169,0.6356,0.9594,0.7208,1.3169,0.1691,0.1757,0.2365,0.0608,0.2042,0.2095,0.1952,0.0146,-0.219,0.2117,0.4306,-0.0293,-0.2035,-0.0239,0.1332
17092026-204853-AM  Kent Butaya-ford_mustang_gt3-rt_sebring-raceday_endu_crc.ld,AM  Kent Butaya,ford_mustang_gt3,rt_sebring-raceday_endu_crc,2,122.297,Turn 12,1.674,-21.6462,-10.1853,11.4609,-15.1109,-16.2937,-10.1853,2.8524,225.3803,233.9986,8.6183,229.8908,225.3803,233.9986,2.5474,0.0,1.3785,1.3785,0.0265,0.0,1.3785,0.0,1.0084,1.7143,0.7059,1.4111,1.3169,1.4502,0.1492,1.0084,1.7143,0.7059,1.4111,1.3169,1.4502,0.1492,0.1126,0.2406,0.128,0.1858,0.1952,0.1982,0.024,-0.4898,0.266,0.7558,-0.0332,-0.0239,0.0656,0.1457
17092026-204853-AM  Kent Butaya-ford_mustang_gt3-rt_sebring-raceday_endu_crc.ld,AM  Kent Butaya,ford_mustang_gt3,rt_sebring-raceday_endu_crc,2,122.297,Str 12-13,1.848,-10.1853,26.2188,36.404,11.8248,-10.1853,26.2188,10.0077,145.0083,234.0776,89.0693,190.2316,233.9986,145.0083,28.3279,1.3785,100.0,98.6215,85.9191,1.3785,26.5973,25.5137,0.0135,1.6615,1.6479,1.0049,1.4502,1.561,0.3779,-1.6615,1.4945,3.156,-0.4936,1.4502,-1.561,0.9573,-1.7864,0.2006,1.9871,-1.3043,0.1982,-0.5799,0.439,-0.3966,0.4004,0.7969,-0.0373,0.0656,-0.0803,0.1835
17092026-204853-AM  Kent Butaya-ford_mustang_gt3-rt_sebring-raceday_endu_crc.ld,AM  Kent Butaya,ford_mustang_gt3,rt_sebring-raceday_endu_crc,2,122.297,Turn 13,2.817,-106.1729,37.3102,143.4831,8.06,26.2188,7.339,32.7715,134.1157,150.7872,16.6715,139.5244,145.0083,150.7872,4.7683,0.0,26.5973,26.5973,0.8627,26.5973,0.0,4.3684,1.0266,2.0792,1.0526,1.4806,1.561,1.1817,0.2714,-2.0792,-1.0266,1.0526,-1.4806,-1.561,-1.1817,0.2714,-0.5799,0.5094,1.0893,0.2071,-0.5799,0.4731,0.2549,-0.4488,0.3084,0.7571,-0.0341,-0.0803,-0.0878,0.1435
17092026-204853-AM  Kent Butaya-ford_mustang_gt3-rt_sebring-raceday_endu_crc.ld,AM  Kent Butaya,ford_mustang_gt3,rt_sebring-raceday_endu_crc,2,122.297,Str 13-14,3.684,-33.4761,56.5033,89.9794,5.7471,7.339,56.5033,30.074,117.9796,169.5612,51.5816,146.9327,150.7872,117.9796,18.3338,0.0,88.4389,88.4389,22.0901,0.0,0.0,36.3388,0.0375,1.8559,1.8183,1.235,1.1817,1.5581,0.3844,-1.7442,1.8559,3.6001,0.0296,-1.1817,-1.5581,1.2944,-1.5038,0.5632,2.067,-0.2097,0.4731,-0.1263,0.6736,-0.3493,0.3328,0.682,-0.0322,-0.0878,-0.0935,0.1328
17092026-204853-AM  Kent Butaya-ford_mustang_gt3-rt_sebring-raceday_endu_crc.ld,AM  Kent Butaya,ford_mustang_gt3,rt_sebring-raceday_endu_crc,2,122.297,Turn 14,26.504,-61.5453,71.327,132.8723,12.0854,56.5033,5.6422,20.6957,116.5688,251.4135,134.8447,183.9682,117.9796,179.3869,44.3996,0.0,100.0,100.0,7.6666,0.0,0.0,26.2416,0.0003,2.5137,2.5134,0.6973,1.5581,0.5707,0.6442,-2.5137,0.5675,3.0812,-0.6409,-1.5581,-0.5707,0.7005,-1.7778,0.6693,2.4471,0.0961,-0.1263,0.3254,0.4636,-0.9379,0.7536,1.6914,-0.0131,-0.0935,-0.012,0.1836
17092026-204853-AM  Kent Butaya-ford_mustang_gt3-rt_sebring-raceday_endu_crc.ld,AM  Kent Butaya,ford_mustang_gt3,rt_sebring-raceday_endu_crc,2,122.297,Str 0-1 (Start),4.151,-4.4467,5.6422,10.0889,-0.945,5.6422,-4.3742,2.2501,179.3869,218.254,38.8671,200.9405,179.3869,218.254,11.4938,0.0,0.0,0.0,0.0,0.0,0.0,0.0,0.0001,0.6833,0.6832,0.1583,0.5707,0.2185,0.1583,-0.6833,0.2963,0.9796,-0.0422,-0.5707,0.2185,0.2197,-0.1962,0.4167,0.613,0.2674,0.3254,0.2173,0.0881,-0.7258,0.5218,1.2475,0.0013,-0.012,0.2954,0.2341
17092026-204853-AM  Kent Butaya-ford_mustang_gt3-rt_sebring-raceday_endu_crc.ld,AM  Kent Butaya,ford_mustang_gt3,rt_sebring-raceday_endu_crc,3,122.821,Str 0-1 (End),7.42,-33.9168,2.2091,36.1259,-5.4548,-4.3742,-33.5778,7.2325,184.0591,239.1549,55.0958,219.4041,218.254,184.0591,17.2551,0.0,64.7944,64.7944,5.1123,0.0,0.0,15.5247,0.0011,1.9686,1.9675,0.4323,0.2185,1.9626,0.4963,-0.3696,1.9686,2.3382,0.3697,0.2185,1.9626,0.5442,-1.2716,0.2577,1.5292,-0.1218,0.2173,-0.2506,0.353,-0.5137,0.6431,1.1568,-0.0091,0.2954,0.0235,0.2233
17092026-204853-AM  Kent Butaya-ford_mustang_gt3-rt_sebring-raceday_endu_crc.ld,AM  Kent Butaya,ford_mustang_gt3,rt_sebring-raceday_endu_crc,3,122.821,Turn 1,3.333,-53.003,-11.7546,41.2484,-44.109,-33.5778,-18.7467,10.3682,160.2103,184.0591,23.8487,169.2145,184.0591,170.5392,6.9261,0.0,0.0,0.0,0.0,0.0,0.0,0.0,0.6689,2.4091,1.7402,1.6622,1.9626,0.9389,0.2919,0.6689,2.4091,1.7402,1.6622,1.9626,0.9389,0.2919,-0.2767,0.4592,0.7358,-0.01,-0.2506,0.3062,0.2505,-0.8398,0.469,1.3088,-0.0557,0.0235,-0.2372,0.2217
17092026-204853-AM  Kent Butaya-ford_mustang_gt3-rt_sebring-raceday_endu_crc.ld,AM  Kent Butaya,ford_mustang_gt3,rt_sebring-raceday_endu_crc,3,122.821,Str 1-2,6.818,-74.6829,51.2962,125.9791,-8.3559,-18.7467,-72.2459,27.0806,92.1531,203.9487,111.7957,167.8972,170.5392,92.1531,32.7081,0.0,100.0,100.0,30.1769,0.0,0.0,45.0842,0.0073,1.7988,1.7914,0.8262,0.9389,1.4325,0.4183,-1.4625,1.7988,3.2613,0.2092,0.9389,1.4325,0.9024,-1.8638,0.6389,2.5027,-0.2948,0.3062,-0.1387,0.7966,-1.3207,1.6048,2.9255,-0.0139,-0.2372,-0.0926,0.3731
17092026-204853-AM  Kent Butaya-ford_mustang_gt3-rt_sebring-raceday_endu_crc.ld,AM  Kent Butaya,ford_mustang_gt3,rt_sebring-raceday_endu_crc,3,122.821,Turn 2,2.369,-72.2459,22.2132,94.4591,-30.3312,-72.2459,22.2132,22.5627,91.1976,122.9457,31.7481,103.7534,92.1531,122.9457,9.3117,0.0,0.0,0.0,0.0,0.0,0.0,0.0,0.0114,1.9402,1.9287,1.0058,1.4325,0.6605,0.4339,-0.6605,1.9402,2.6006,0.9391,1.4325,-0.6605,0.5473,-0.1715,0.7161,0.8876,0.3851,-0.1387,0.6178,0.1973,-0.4318,0.741,1.1728,-0.0233,-0.0926,0.0529,0.1815
17092026-204853-AM  Kent Butaya-ford_mustang_gt3-rt_sebring-raceday_endu_crc.ld,AM  Kent Butaya,ford_mustang_gt3,rt_sebring-raceday_endu_crc,3,122.821,Str 2-3,0.672,21.2087,42.427,21.2183,28.1648,22.2132,24.2303,6.8261,122.9457,133.6812,10.7355,128.4411,122.9457,133.6812,3.2519,0.0,0.0,0.0,0.0,0.0,0.0,0.0,0.6605,2.0448,1.3843,1.1526,0.6605,1.3582,0.4251,-2.0448,-0.6605,1.3843,-1.1526,-0.6605,-1.3582,0.4251,0.0929,0.6664,0.5735,0.4773,0.6178,0.5188,0.1379,-0.6651,0.5929,1.258,0.0058,0.0529,-0.0256,0.3639
17092026-204853-AM  Kent Butaya-ford_mustang_gt3-rt_sebring-raceday_endu_crc.ld,AM  Kent Butaya,ford_mustang_gt3,rt_sebring-raceday_endu_crc,3,122.821,Turn 3,0.789,-11.7225,32.7218,44.4443,11.5321,24.2303,-11.0412,16.7623,133.6812,143.3669,9.6856,138.0449,133.6812,143.3669,2.8934,0.0,10.0137,10.0137,0.5193,0.0,10.0137,0.6062,0.0234,1.6245,1.6011,1.1015,1.3582,0.2276,0.4682,-1.6245,0.2276,1.852,-1.0719,-1.3582,0.2276,0.5131,-0.1022,0.6605,0.7627,0.4058,0.5188,0.3399,0.1827,-0.1774,0.2279,0.4053,-0.0229,-0.0256,-0.0501,0.0994
17092026-204853-AM  Kent Butaya-ford_mustang_gt3-rt_sebring-raceday_endu_crc.ld,AM  Kent Butaya,ford_mustang_gt3,rt_sebring-raceday_endu_crc,3,122.821,Str 3-4,0.819,-34.9301,-11.0412,23.8889,-23.4605,-11.0412,-34.9301,7.5283,115.3579,143.4575,28.0995,129.4759,143.3669,115.3579,9.9045,8.1836,88.5247,80.3411,62.1137,10.0137,8.1836,28.499,0.2276,1.6311,1.4035,0.9742,0.2276,1.6283,0.3678,0.2276,1.6311,1.4035,0.9742,0.2276,1.6283,0.3678,-1.3711,0.3399,1.711,-0.8965,0.3399,-0.1957,0.4532,-0.2748,0.2195,0.4943,-0.024,-0.0501,0.1293,0.1122
17092026-204853-AM  Kent Butaya-ford_mustang_gt3-rt_sebring-raceday_endu_crc.ld,AM  Kent Butaya,ford_mustang_gt3,rt_sebring-raceday_endu_crc,3,122.821,Turn 4,3.73,-73.5132,75.7864,149.2996,-14.957,-34.9301,1.2264,46.7477,105.0058,136.4076,31.4018,115.8127,115.3579,136.4076,8.2707,0.0,8.1836,8.1836,0.0718,8.1836,0.0,0.7698,0.0973,1.9712,1.8739,1.3898,1.6283,0.6835,0.3299,-0.8426,1.9712,2.8138,1.2798,1.6283,-0.6835,0.6224,-0.235,0.6742,0.9092,0.278,-0.1957,0.5709,0.3238,-0.3277,0.2312,0.5589,-0.0143,0.1293,0.0919,0.0949
17092026-204853-AM  Kent Butaya-ford_mustang_gt3-rt_sebring-raceday_endu_crc.ld,AM  Kent Butaya,ford_mustang_gt3,rt_sebring-raceday_endu_crc,3,122.821,Str 4-5,15.422,-8.6558,123.5427,132.1986,10.92,1.2264,123.5427,25.0759,71.9982,240.0815,168.0833,178.8248,136.4076,71.9982,47.8607,0.0,100.0,100.0,19.2437,0.0,0.0,38.4322,0.0004,1.8505,1.8501,0.5294,0.6835,1.7524,0.3991,-1.8505,0.2452,2.0957,-0.4972,-0.6835,-1.7524,0.4386,-1.853,0.5829,2.4359,-0.1101,0.5709,-0.1705,0.7096,-0.5333,0.4892,1.0225,-0.0021,0.0919,0.1365,0.1626
17092026-204853-AM  Kent Butaya-ford_mustang_gt3-rt_sebring-raceday_endu_crc.ld,AM  Kent Butaya,ford_mustang_gt3,rt_sebring-raceday_endu_crc,3,122.821,Turn 5,2.026,17.5411,123.5427,106.0016,72.6824,123.5427,17.5411,32.7411,70.2673,94.4015,24.1342,79.5508,71.9982,94.4015,7.4233,0.0,0.0,0.0,0.0,0.0,0.0,0.0,0.8594,1.7633,0.9039,1.2693,1.7524,1.0253,0.2433,-1.7633,-0.8594,0.9039,-1.2693,-1.7524,-1.0253,0.2433,-0.1831,0.7106,0.8937,0.3258,-0.1705,0.5584,0.2383,-0.2545,0.2376,0.4921,0.0007,0.1365,-0.0313,0.1217
17092026-204853-AM  Kent Butaya-ford_mustang_gt3-rt_sebring-raceday_endu_crc.ld,AM  Kent Butaya,ford_mustang_gt3,rt_sebring-raceday_endu_crc,3,122.821,Str 5-6,9.084,-23.7857,22.3738,46.1595,3.334,17.5411,-16.0219,9.9293,94.4015,212.1594,117.7579,164.9231,94.4015,212.1594,34.2079,0.0,0.0,0.0,0.0,0.0,0.0,0.0,0.0012,2.0075,2.0063,0.6114,1.0253,1.4059,0.4456,-1.4124,2.0075,3.4199,-0.2773,-1.0253,1.4059,0.7013,-0.1873,0.9782,1.1655,0.3751,0.5584,0.1763,0.1717,-0.597,0.5868,1.1838,0.0037,-0.0313,-0.2196,0.1631
17092026-204853-AM  Kent Butaya-ford_mustang_gt3-rt_sebring-raceday_endu_crc.ld,AM  Kent Butaya,ford_mustang_gt3,rt_sebring-raceday_endu_crc,3,122.821,Turn 6,1.03,-23.5506,-5.1301,18.4204,-11.839,-16.0219,-10.5174,5.7683,212.1594,218.7263,6.5669,215.3772,212.1594,218.7263,1.9821,0.0,0.0,0.0,0.0,0.0,0.0,0.0,0.4967,1.9271,1.4304,1.1355,1.4059,0.7473,0.402,0.4967,1.9271,1.4304,1.1355,1.4059,0.7473,0.402,0.066,0.3716,0.3057,0.2094,0.1763,0.2293,0.0454,-0.5627,0.5108,1.0736,-0.0569,-0.2196,0.0913,0.2425
17092026-204853-AM  Kent Butaya-ford_mustang_gt3-rt_sebring-raceday_endu_crc.ld,AM  Kent Butaya,ford_mustang_gt3,rt_sebring-raceday_endu_crc,3,122.821,Str 6-7,5.089,-13.5918,77.4374,91.0292,10.6261,-10.5174,77.4374,22.4773,86.9941,232.453,145.459,181.1132,218.7263,86.9941,50.9329,0.0,100.0,100.0,51.1116,0.0,2.681,47.3402,0.0001,1.7986,1.7985,0.4924,0.7473,1.4544,0.444,-1.7986,1.1901,2.9888,-0.2654,0.7473,-1.4544,0.6071,-1.8371,0.2806,2.1177,-0.7121,0.2293,-0.1474,0.836,-0.5767,0.4751,1.0518,-0.0186,0.0913,-0.1324,0.1898
17092026-204853-AM  Kent Butaya-ford_mustang_gt3-rt_sebring-raceday_endu_crc.ld,AM  Kent Butaya,ford_mustang_gt3,rt_sebring-raceday_endu_crc,3,122.821,Turn 7,2.606,11.851,79.9986,68.1477,46.5247,77.4374,11.851,21.0105,84.1982,120.1399,35.9417,97.7131,86.9941,120.1399,11.1091,0.0,2.681,2.681,0.2603,2.681,0.0,0.6524,0.6644,1.8299,1.1655,1.2379,1.4544,0.8274,0.268,-1.8299,-0.6644,1.1655,-1.2379,-1.4544,-0.8274,0.268,-0.1666,0.748,0.9146,0.4013,-0.1474,0.671,0.2472,-0.4251,0.284,0.7091,-0.0316,-0.1324,0.0165,0.1358
17092026-204853-AM  Kent Butaya-ford_mustang_gt3-rt_sebring-raceday_endu_crc.ld,AM  Kent Butaya,ford_mustang_gt3,rt_sebring-raceday_endu_crc,3,122.821,Str 7-8,1.161,-41.5305,11.851,53.3815,-27.843,11.851,-41.5305,17.796,120.1399,139.6827,19.5428,131.0089,120.1399,139.6112,6.2791,0.0,0.0,0.0,0.0,0.0,0.0,0.0,0.0734,1.8243,1.7509,1.0832,0.8274,1.6333,0.4746,-0.8669,1.8243,2.6913,0.8591,-0.8274,1.6333,0.8187,-0.0943,0.671,0.7653,0.4898,0.671,-0.0943,0.1582,-0.1459,0.219,0.3649,-0.0042,0.0165,0.0268,0.0804
17092026-204853-AM  Kent Butaya-ford_mustang_gt3-rt_sebring-raceday_endu_crc.ld,AM  Kent Butaya,ford_mustang_gt3,rt_sebring-raceday_endu_crc,3,122.821,Turn 8,3.577,-45.0543,26.9165,71.9708,-18.5235,-41.5305,-10.4048,17.5902,139.5507,179.6486,40.0979,159.923,139.6112,179.6486,12.3856,0.0,0.0,0.0,0.0,0.0,0.0,0.0,0.5952,1.8752,1.28,1.3371,1.6333,0.8284,0.2764,0.5952,1.8752,1.28,1.3371,1.6333,0.8284,0.2764,-0.1407,0.5887,0.7294,0.3789,-0.0943,0.296,0.1219,-0.5914,0.3831,0.9744,-0.0295,0.0268,-0.3498,0.1561
17092026-204853-AM  Kent Butaya-ford_mustang_gt3-rt_sebring-raceday_endu_crc.ld,AM  Kent Butaya,ford_mustang_gt3,rt_sebring-raceday_endu_crc,3,122.821,Str 8-9,1.615,-10.4048,22.2265,32.6312,9.6301,-10.4048,21.899,6.8137,179.6486,196.7902,17.1416,188.6816,179.6486,196.7902,5.1137,0.0,0.0,0.0,0.0,0.0,0.0,0.0,0.0454,1.5618,1.5164,0.8462,0.8284,1.3873,0.337,-1.5618,0.8795,2.4413,-0.6357,0.8284,-1.3873,0.6556,0.221,0.4011,0.1801,0.3132,0.296,0.3152,0.0287,-0.441,0.5068,0.9478,-0.0177,-0.3498,-0.0484,0.2016
17092026-204853-AM  Kent Butaya-ford_mustang_gt3-rt_sebring-raceday_endu_crc.ld,AM  Kent Butaya,ford_mustang_gt3,rt_sebring-raceday_endu_crc,3,122.821,Turn 9,0.774,2.4288,21.899,19.4702,8.1794,21.899,2.8308,6.247,192.6745,201.3825,8.708,198.6124,196.7902,192.6745,1.8823,0.0,100.0,100.0,25.9718,0.0,100.0,36.8629,0.5007,1.6089,1.1083,1.0608,1.3873,0.578,0.3658,-1.6089,-0.5007,1.1083,-1.0608,-1.3873,-0.578,0.3658,-1.7629,0.33,2.0929,-0.1466,0.3152,-1.6655,0.7018,-0.2238,0.1684,0.3922,-0.0138,-0.0484,0.0177,0.1056
17092026-204853-AM  Kent Butaya-ford_mustang_gt3-rt_sebring-raceday_endu_crc.ld,AM  Kent Butaya,ford_mustang_gt3,rt_sebring-raceday_endu_crc,3,122.821,Str 9-10,2.075,-3.2215,73.5983,76.8198,27.8202,2.8308,73.5983,24.3934,106.143,192.6745,86.5315,139.6283,192.6745,106.143,28.2398,0.0,100.0,100.0,72.7583,100.0,0.0,40.6733,0.1589,1.7779,1.619,0.8637,0.578,1.1131,0.5137,-1.7779,-0.1589,1.619,-0.8637,-0.578,-1.1131,0.5137,-1.7801,-0.1202,1.6599,-1.1505,-1.6655,-0.1407,0.5881,-0.457,0.2867,0.7438,-0.0488,0.0177,-0.38,0.1336
17092026-204853-AM  Kent Butaya-ford_mustang_gt3-rt_sebring-raceday_endu_crc.ld,AM  Kent Butaya,ford_mustang_gt3,rt_sebring-raceday_endu_crc,3,122.821,Turn 10,2.445,-62.7226,75.4576,138.1802,23.8428,73.5983,19.6133,46.7665,103.4547,132.6488,29.1942,114.6926,106.143,132.6488,8.7949,0.0,0.0,0.0,0.0,0.0,0.0,0.0,0.018,2.1319,2.114,1.2846,1.1131,1.1432,0.4752,-2.1319,-0.018,2.114,-1.2846,-1.1131,-1.1432,0.4752,-0.1886,0.6856,0.8742,0.3968,-0.1407,0.5847,0.2548,-0.3847,0.5566,0.9413,-0.004,-0.38,-0.0501,0.1775
17092026-204853-AM  Kent Butaya-ford_mustang_gt3-rt_sebring-raceday_endu_crc.ld,AM  Kent Butaya,ford_mustang_gt3,rt_sebring-raceday_endu_crc,3,122.821,Str 10-11,7.27,-17.8707,19.6133,37.484,-2.2013,19.6133,-13.8323,5.6343,132.6488,214.4948,81.846,180.5813,132.6488,214.4948,24.739,0.0,0.0,0.0,0.0,0.0,0.0,0.0,0.0007,1.7904,1.7897,0.2941,1.1432,1.1584,0.4114,-1.3062,1.7904,3.0965,0.0859,-1.1432,1.1584,0.4976,-0.174,0.6018,0.7759,0.3211,0.5847,0.172,0.1447,-0.5412,0.7623,1.3035,-0.0019,-0.0501,-0.1086,0.2072
17092026-204853-AM  Kent Butaya-ford_mustang_gt3-rt_sebring-raceday_endu_crc.ld,AM  Kent Butaya,ford_mustang_gt3,rt_sebring-raceday_endu_crc,3,122.821,Turn 11,0.815,-16.5972,-2.9759,13.6213,-10.8884,-13.8323,-2.9759,3.5992,214.4948,219.8258,5.331,217.0574,214.4948,219.8258,1.5877,0.0,0.0,0.0,0.0,0.0,0.0,0.0,0.6572,1.7862,1.1291,1.1668,1.1584,0.6581,0.294,0.6572,1.7862,1.1291,1.1668,1.1584,0.6581,0.294,0.1465,0.302,0.1555,0.2105,0.172,0.2023,0.0293,-0.5646,0.8371,1.4016,-0.0368,-0.1086,-0.2362,0.3437
17092026-204853-AM  Kent Butaya-ford_mustang_gt3-rt_sebring-raceday_endu_crc.ld,AM  Kent Butaya,ford_mustang_gt3,rt_sebring-raceday_endu_crc,3,122.821,Str 11-12,0.717,-20.5139,-0.9621,19.5518,-7.6628,-2.9759,-20.5139,6.0037,219.8258,225.0047,5.1789,222.4586,219.8258,225.0047,1.6401,0.0,0.0,0.0,0.0,0.0,0.0,0.0,0.2111,1.193,0.9819,0.5099,0.6581,1.193,0.2488,0.2111,1.193,0.9819,0.5099,0.6581,1.193,0.2488,0.1832,0.24,0.0568,0.2077,0.2023,0.2007,0.0151,-0.2362,0.2564,0.4925,-0.0136,-0.2362,0.0175,0.1304
17092026-204853-AM  Kent Butaya-ford_mustang_gt3-rt_sebring-raceday_endu_crc.ld,AM  Kent Butaya,ford_mustang_gt3,rt_sebring-raceday_endu_crc,3,122.821,Turn 12,1.692,-26.7497,-6.8196,19.9301,-19.6242,-20.5139,-6.8196,5.7077,225.0047,231.7601,6.7554,228.271,225.0047,231.7601,1.8834,0.0,0.0,0.0,0.0,0.0,0.0,0.0,1.193,2.1281,0.9351,1.6494,1.193,1.2498,0.2362,1.193,2.1281,0.9351,1.6494,1.193,1.2498,0.2362,0.0703,0.2448,0.1745,0.1788,0.2007,0.2009,0.0381,-0.5414,0.2951,0.8365,-0.0489,0.0175,-0.0517,0.1647
17092026-204853-AM  Kent Butaya-ford_mustang_gt3-rt_sebring-raceday_endu_crc.ld,AM  Kent Butaya,ford_mustang_gt3,rt_sebring-raceday_endu_crc,3,122.821,Str 12-13,1.847,-6.8196,24.6247,31.4443,10.0538,-6.8196,19.6072,8.7705,144.0381,232.2303,88.1922,189.2811,231.7601,144.0381,28.7881,0.0,100.0,100.0,83.2289,0.0,22.5754,30.3253,0.0226,1.67,1.6474,0.8346,1.2498,1.67,0.3808,-1.67,1.2662,2.9362,-0.607,1.2498,-1.67,0.6895,-1.8116,0.2281,2.0397,-1.3029,0.2009,-0.5682,0.52,-0.4129,0.4089,0.8219,-0.0352,-0.0517,0.0299,0.1897
17092026-204853-AM  Kent Butaya-ford_mustang_gt3-rt_sebring-raceday_endu_crc.ld,AM  Kent Butaya,ford_mustang_gt3,rt_sebring-raceday_endu_crc,3,122.821,Turn 13,2.864,-87.3893,19.6072,106.9965,-4.9488,19.6072,-1.7353,26.4236,129.7686,147.0561,17.2875,136.6946,144.0381,147.0561,4.8154,0.0,22.5754,22.5754,0.4871,22.5754,0.0,3.2354,0.4503,2.0394,1.5891,1.4367,1.67,0.4765,0.3973,-2.0394,-0.4503,1.5891,-1.4367,-1.67,-0.4765,0.3973,-0.5682,0.6121,1.1803,0.1892,-0.5682,0.4628,0.3056,-0.4271,0.2858,0.7129,-0.0292,0.0299,-0.1541,0.1363
17092026-204853-AM  Kent Butaya-ford_mustang_gt3-rt_sebring-raceday_endu_crc.ld,AM  Kent Butaya,ford_mustang_gt3,rt_sebring-raceday_endu_crc,3,122.821,Str 13-14,3.645,-35.0192,50.9693,85.9885,4.916,-1.7353,50.9693,26.7065,123.6041,170.2383,46.6343,148.1531,147.0561,123.6041,15.3955,0.0,96.9611,96.9611,19.2923,0.0,0.0,35.002,0.0114,1.9593,1.9479,1.0843,0.4765,1.5087,0.3921,-1.8212,1.9593,3.7805,-0.012,-0.4765,-1.5087,1.1537,-1.7292,0.6533,2.3825,-0.1403,0.4628,-0.1221,0.6884,-0.442,0.4192,0.8612,-0.0319,-0.1541,-0.1421,0.1624
17092026-204853-AM  Kent Butaya-ford_mustang_gt3-rt_sebring-raceday_endu_crc.ld,AM  Kent Butaya,ford_mustang_gt3,rt_sebring-raceday_endu_crc,3,122.821,Turn 14,26.895,-206.401,86.1762,292.5772,5.487,50.9693,5.1691,37.0796,122.1825,245.2222,123.0396,181.7796,123.6041,174.9941,41.0283,0.0,100.0,100.0,4.0727,0.0,0.0,18.9153,0.0,2.4333,2.4333,0.6645,1.5087,0.6884,0.6816,-2.4333,0.1956,2.6289,-0.6352,-1.5087,-0.6884,0.709,-1.8122,0.6781,2.4903,0.1023,-0.1221,0.3295,0.3942,-0.8913,0.6781,1.5694,-0.0159,-0.1421,0.0545,0.1765
17092026-204853-AM  Kent Butaya-ford_mustang_gt3-rt_sebring-raceday_endu_crc.ld,AM  Kent Butaya,ford_mustang_gt3,rt_sebring-raceday_endu_crc,3,122.821,Str 0-1 (Start),4.22,-5.0465,5.1691,10.2156,-1.7154,5.1691,-1.4022,2.5539,174.9941,216.0565,41.0624,197.5714,174.9941,216.0565,12.3522,0.0,0.0,0.0,0.0,0.0,0.0,0.0,0.0007,0.6884,0.6877,0.2034,0.6884,0.0237,0.156,-0.6884,0.4323,1.1207,0.039,-0.6884,0.0237,0.2544,-0.2173,0.3802,0.5975,0.2747,0.3295,0.2212,0.0853,-0.5076,0.5242,1.0317,-0.0016,0.0545,0.1573,0.2006
17092026-204853-AM  Kent Butaya-ford_mustang_gt3-rt_sebring-raceday_endu_crc.ld,AM  Kent Butaya,ford_mustang_gt3,rt_sebring-raceday_endu_crc,4,122.288,Str 0-1 (End),7.46,-32.1635,2.5589,34.7224,-4.5841,-1.4022,-32.1635,6.1622,155.2794,240.0849,84.8055,217.6989,216.0565,155.2794,23.9722,0.0,100.0,100.0,14.5881,0.0,0.0,30.1788,0.0006,1.6897,1.6891,0.3768,0.0237,1.4386,0.439,-0.3819,1.6897,2.0717,0.3282,0.0237,1.4386,0.4763,-1.7366,0.2745,2.0111,-0.2262,0.2212,-0.1584,0.5466,-0.6151,0.697,1.3121,-0.0143,0.1573,-0.0446,0.2276
17092026-204853-AM  Kent Butaya-ford_mustang_gt3-rt_sebring-raceday_endu_crc.ld,AM  Kent Butaya,ford_mustang_gt3,rt_sebring-raceday_endu_crc,4,122.288,Turn 1,3.511,-51.4391,-13.5174,37.9217,-32.7647,-32.1635,-22.2561,9.9599,146.6031,172.2982,25.6951,156.781,155.2794,172.2982,7.5492,0.0,0.0,0.0,0.0,0.0,0.0,0.0,0.7974,2.1697,1.3723,1.4097,1.4386,1.4176,0.274,0.7974,2.1697,1.3723,1.4097,1.4386,1.4176,0.274,-0.1898,0.6366,0.8264,0.1967,-0.1584,0.329,0.2272,-0.5147,0.5876,1.1023,-0.0241,-0.0446,0.0442,0.2042
17092026-204853-AM  Kent Butaya-ford_mustang_gt3-rt_sebring-raceday_endu_crc.ld,AM  Kent Butaya,ford_mustang_gt3,rt_sebring-raceday_endu_crc,4,122.288,Str 1-2,6.509,-75.5443,19.9493,95.4936,-13.5708,-22.2561,-75.5443,23.2758,95.4412,210.3232,114.882,175.4118,172.2982,95.4412,31.3167,0.0,100.0,100.0,34.1321,0.0,3.3228,46.0984,0.0056,1.919,1.9134,0.7436,1.4176,1.4843,0.4883,-1.8426,1.919,3.7616,0.2432,1.4176,1.4843,0.8557,-1.7915,0.5154,2.3069,-0.3103,0.329,-0.2278,0.8047,-0.8577,0.7401,1.5978,-0.0073,0.0442,-0.0944,0.254
17092026-204853-AM  Kent Butaya-ford_mustang_gt3-rt_sebring-raceday_endu_crc.ld,AM  Kent Butaya,ford_mustang_gt3,rt_sebring-raceday_endu_crc,4,122.288,Turn 2,2.509,-75.5921,28.7042,104.2963,-26.3438,-75.5443,25.8782,25.3993,89.6805,122.367,32.6865,101.2832,95.4412,122.367,9.8833,0.0,3.3228,3.3228,0.0432,3.3228,0.0,0.3812,0.0128,1.854,1.8412,1.1141,1.4843,1.0361,0.4464,-1.0735,1.854,2.9274,0.9591,1.4843,-1.0361,0.7027,-0.2278,0.7205,0.9482,0.3618,-0.2278,0.6021,0.3028,-0.4451,0.4837,0.9288,-0.0187,-0.0944,0.2599,0.1443
17092026-204853-AM  Kent Butaya-ford_mustang_gt3-rt_sebring-raceday_endu_crc.ld,AM  Kent Butaya,ford_mustang_gt3,rt_sebring-raceday_endu_crc,4,122.288,Str 2-3,0.675,21.3945,30.6994,9.3049,25.7659,25.8782,29.7551,3.3372,122.367,132.2421,9.8751,127.3505,122.367,132.2421,2.9072,0.0,0.0,0.0,0.0,0.0,0.0,0.0,0.7791,2.0899,1.3109,1.1202,1.0361,1.0088,0.3778,-2.0899,-0.7791,1.3109,-1.1202,-1.0361,-1.0088,0.3778,0.0335,0.77,0.7366,0.4605,0.6021,0.5066,0.1847,-0.642,0.7952,1.4372,-0.0204,0.2599,-0.2602,0.3747
17092026-204853-AM  Kent Butaya-ford_mustang_gt3-rt_sebring-raceday_endu_crc.ld,AM  Kent Butaya,ford_mustang_gt3,rt_sebring-raceday_endu_crc,4,122.288,Turn 3,0.789,-15.6152,29.9942,45.6094,15.4554,29.7551,-15.6152,14.5889,132.2421,143.0091,10.767,137.8714,132.2421,143.0091,2.9677,0.0,0.0,0.0,0.0,0.0,0.0,0.0,0.0389,1.5191,1.4803,1.1175,1.0088,0.0389,0.3324,-1.5191,-0.0047,1.5144,-1.1167,-1.0088,-0.0047,0.3324,-0.0919,0.6108,0.7026,0.4332,0.5066,0.4468,0.1841,-0.3409,0.1616,0.5025,-0.0405,-0.2602,-0.0304,0.1147
17092026-204853-AM  Kent Butaya-ford_mustang_gt3-rt_sebring-raceday_endu_crc.ld,AM  Kent Butaya,ford_mustang_gt3,rt_sebring-raceday_endu_crc,4,122.288,Str 3-4,0.763,-29.2523,-15.6152,13.6372,-22.5563,-15.6152,-29.2523,3.6561,124.2307,145.836,21.6052,138.2717,143.0091,124.2307,6.8516,0.0,91.1722,91.1722,57.1342,0.0,86.9399,39.5054,0.0208,1.3494,1.3286,0.8492,0.0389,1.327,0.3252,-0.0047,1.3494,1.3541,0.8481,-0.0047,1.327,0.3281,-1.4734,0.4959,1.9692,-0.6374,0.4468,-0.8546,0.7625,-0.3284,0.2826,0.6111,-0.0326,-0.0304,0.1294,0.1315
17092026-204853-AM  Kent Butaya-ford_mustang_gt3-rt_sebring-raceday_endu_crc.ld,AM  Kent Butaya,ford_mustang_gt3,rt_sebring-raceday_endu_crc,4,122.288,Turn 4,3.908,-65.1903,-7.8195,57.3708,-44.335,-29.2523,-7.8195,17.1089,97.7302,136.5924,38.8622,112.8936,124.2307,136.5924,11.524,0.0,86.9399,86.9399,9.5836,86.9399,0.0,24.0047,0.2985,1.8998,1.6013,1.2699,1.327,0.5796,0.345,0.2985,1.8998,1.6013,1.2699,1.327,0.5796,0.345,-1.2258,0.7149,1.9407,0.136,-0.8546,0.2965,0.5165,-0.7662,0.527,1.2932,-0.0263,0.1294,-0.2805,0.1847
17092026-204853-AM  Kent Butaya-ford_mustang_gt3-rt_sebring-raceday_endu_crc.ld,AM  Kent Butaya,ford_mustang_gt3,rt_sebring-raceday_endu_crc,4,122.288,Str 4-5,14.778,-7.8195,96.9125,104.732,10.1233,-7.8195,96.9125,18.7449,71.8886,237.7759,165.8873,186.5193,136.5924,71.8886,41.3957,0.0,100.0,100.0,20.9582,0.0,21.3181,40.2589,0.0001,1.7765,1.7763,0.5658,0.5796,1.7615,0.4003,-1.7765,0.9186,2.6951,-0.5335,0.5796,-1.7615,0.4424,-1.8686,0.6278,2.4964,-0.113,0.2965,-0.4231,0.6921,-0.5634,0.611,1.1744,0.0019,-0.2805,0.1964,0.189
17092026-204853-AM  Kent Butaya-ford_mustang_gt3-rt_sebring-raceday_endu_crc.ld,AM  Kent Butaya,ford_mustang_gt3,rt_sebring-raceday_endu_crc,4,122.288,Turn 5,2.332,-2.3447,129.2991,131.6439,70.2969,96.9125,-2.3447,46.2852,63.1431,91.8986,28.7555,74.3436,71.8886,91.8986,9.0392,0.0,21.3181,21.3181,0.4834,21.3181,0.0,2.8264,0.6756,1.8653,1.1897,1.2796,1.7615,0.7327,0.2862,-1.8653,-0.6756,1.1897,-1.2796,-1.7615,-0.7327,0.2862,-0.4231,0.9073,1.3304,0.2945,-0.4231,0.5442,0.4082,-0.305,0.2345,0.5395,-0.0153,0.1964,-0.0319,0.112
17092026-204853-AM  Kent Butaya-ford_mustang_gt3-rt_sebring-raceday_endu_crc.ld,AM  Kent Butaya,ford_mustang_gt3,rt_sebring-raceday_endu_crc,4,122.288,Str 5-6,9.098,-18.6311,19.6657,38.2968,1.744,-2.3447,-13.0464,10.4884,91.8986,213.2697,121.3711,164.4666,91.8986,212.9834,34.8054,0.0,0.0,0.0,0.0,0.0,0.0,0.0,0.0001,1.3981,1.3979,0.6436,0.7327,1.1981,0.3489,-1.3981,1.2252,2.6233,-0.2191,-0.7327,1.1981,0.6969,-0.1906,0.9056,1.0962,0.3884,0.5442,0.1704,0.1733,-0.6888,0.5573,1.2461,0.002,-0.0319,0.2303,0.1623
17092026-204853-AM  Kent Butaya-ford_mustang_gt3-rt_sebring-raceday_endu_crc.ld,AM  Kent Butaya,ford_mustang_gt3,rt_sebring-raceday_endu_crc,4,122.288,Turn 6,1.012,-17.9034,1.253,19.1564,-10.0328,-13.0464,1.253,5.0964,212.9834,219.6229,6.6395,216.2304,212.9834,219.6229,1.9808,0.0,0.0,0.0,0.0,0.0,0.0,0.0,0.3036,1.4472,1.1436,1.0509,1.1981,0.3036,0.2696,0.3036,1.4472,1.1436,1.0509,1.1981,0.3036,0.2696,0.1507,0.2555,0.1048,0.2049,0.1704,0.2115,0.0215,-0.4012,0.3011,0.7023,0.0051,0.2303,-0.2348,0.1892
17092026-204853-AM  Kent Butaya-ford_mustang_gt3-rt_sebring-raceday_endu_crc.ld,AM  Kent Butaya,ford_mustang_gt3,rt_sebring-raceday_endu_crc,4,122.288,Str 6-7,5.209,-6.2566,78.3626,84.6192,12.4073,1.253,66.9256,24.8288,88.4832,230.4558,141.9726,177.1243,219.6229,88.4832,52.998,0.0,100.0,100.0,45.2856,0.0,0.0,47.9481,0.0005,1.822,1.8215,0.4177,0.3036,1.3937,0.4856,-1.822,0.4797,2.3017,-0.2833,0.3036,-1.3937,0.5742,-1.8195,0.257,2.0766,-0.7034,0.2115,-0.1246,0.8071,-0.5149,0.5717,1.0866,-0.0232,-0.2348,-0.156,0.1758
17092026-204853-AM  Kent Butaya-ford_mustang_gt3-rt_sebring-raceday_endu_crc.ld,AM  Kent Butaya,ford_mustang_gt3,rt_sebring-raceday_endu_crc,4,122.288,Turn 7,2.489,15.8654,66.9256,51.0602,42.552,66.9256,15.8654,12.2031,87.0791,120.8761,33.797,100.5619,88.4832,120.8761,10.4004,0.0,0.0,0.0,0.0,0.0,0.0,0.0,0.7486,1.7316,0.9829,1.2183,1.3937,1.1034,0.2086,-1.7316,-0.7486,0.9829,-1.2183,-1.3937,-1.1034,0.2086,-0.1408,0.7276,0.8684,0.3933,-0.1246,0.6972,0.2099,-0.4497,0.2496,0.6992,-0.0316,-0.156,-0.0222,0.1285
17092026-204853-AM  Kent Butaya-ford_mustang_gt3-rt_sebring-raceday_endu_crc.ld,AM  Kent Butaya,ford_mustang_gt3,rt_sebring-raceday_endu_crc,4,122.288,Str 7-8,1.156,-33.0581,15.8654,48.9235,-22.2512,15.8654,-32.6686,13.9988,120.8761,139.7142,18.838,131.7427,120.8761,139.6873,6.0779,0.0,0.0,0.0,0.0,0.0,0.0,0.0,0.018,2.2303,2.2122,1.0273,1.1034,1.7331,0.4831,-1.1904,2.2303,3.4207,0.7095,-1.1034,1.7331,0.8915,-0.0876,0.6972,0.7849,0.4741,0.6972,-0.0876,0.171,-0.5302,0.8016,1.3318,0.0134,-0.0222,0.3489,0.2882
17092026-204853-AM  Kent Butaya-ford_mustang_gt3-rt_sebring-raceday_endu_crc.ld,AM  Kent Butaya,ford_mustang_gt3,rt_sebring-raceday_endu_crc,4,122.288,Turn 8,3.584,-45.0543,7.1081,52.1624,-29.0989,-32.6686,-2.908,18.2448,139.5176,179.3179,39.8003,159.5799,139.6873,179.3179,11.829,0.0,0.0,0.0,0.0,0.0,0.0,0.0,0.0072,2.0039,1.9967,1.2911,1.7331,0.1673,0.4871,-0.5218,2.0039,2.5258,1.2245,1.7331,-0.1673,0.6348,-0.1192,0.5365,0.6557,0.366,-0.0876,0.3153,0.1202,-0.3467,0.3489,0.6956,-0.0288,0.3489,-0.2599,0.1331
17092026-204853-AM  Kent Butaya-ford_mustang_gt3-rt_sebring-raceday_endu_crc.ld,AM  Kent Butaya,ford_mustang_gt3,rt_sebring-raceday_endu_crc,4,122.288,Str 8-9,1.611,-4.4467,10.6133,15.0601,3.8039,-2.908,10.4526,6.0004,179.3179,197.1548,17.8369,188.5613,179.3179,197.1548,5.4091,0.0,0.0,0.0,0.0,0.0,0.0,0.0,0.0025,1.1668,1.1643,0.4672,0.1673,1.0329,0.3755,-1.1668,0.2496,1.4164,-0.3693,-0.1673,-1.0329,0.4727,0.2655,0.3875,0.122,0.317,0.3153,0.2918,0.0198,-0.3383,0.3577,0.696,-0.0155,-0.2599,-0.018,0.1664
17092026-204853-AM  Kent Butaya-ford_mustang_gt3-rt_sebring-raceday_endu_crc.ld,AM  Kent Butaya,ford_mustang_gt3,rt_sebring-raceday_endu_crc,4,122.288,Turn 9,0.765,3.9243,10.4526,6.5282,6.5277,10.4526,4.4379,1.9371,197.1548,202.9834,5.8287,200.2477,197.1548,198.5606,1.8438,0.0,100.0,100.0,18.8966,0.0,100.0,31.628,0.6117,1.1818,0.57,0.8358,1.0329,0.6117,0.1408,-1.1818,-0.6117,0.57,-0.8358,-1.0329,-0.6117,0.1408,-1.6392,0.3064,1.9456,0.016,0.2918,-1.6392,0.5394,-0.242,0.249,0.491,0.0016,-0.018,0.1254,0.1156
17092026-204853-AM  Kent Butaya-ford_mustang_gt3-rt_sebring-raceday_endu_crc.ld,AM  Kent Butaya,ford_mustang_gt3,rt_sebring-raceday_endu_crc,4,122.288,Str 9-10,1.969,2.7498,80.8762,78.1264,30.4487,4.4379,80.8762,26.157,102.6194,198.5606,95.9411,145.4268,198.5606,102.6194,29.1462,25.358,100.0,74.642,93.8358,100.0,25.358,14.754,0.4544,1.6243,1.1699,0.9049,0.6117,1.2319,0.3219,-1.6243,-0.4544,1.1699,-0.9049,-0.6117,-1.2319,0.3219,-1.7851,-0.5687,1.2164,-1.3443,-1.6392,-0.6813,0.2945,-0.3777,0.2588,0.6365,-0.0463,0.1254,-0.1899,0.1327
17092026-204853-AM  Kent Butaya-ford_mustang_gt3-rt_sebring-raceday_endu_crc.ld,AM  Kent Butaya,ford_mustang_gt3,rt_sebring-raceday_endu_crc,4,122.288,Turn 10,2.706,13.7404,81.5928,67.8524,46.4592,80.8762,13.7404,26.681,94.2536,128.8325,34.5789,106.8937,102.6194,128.8325,10.7355,0.0,25.358,25.358,0.5511,25.358,0.0,3.2052,0.584,1.9454,1.3614,1.2438,1.2319,0.6901,0.3485,-1.9454,-0.584,1.3614,-1.2438,-1.2319,-0.6901,0.3485,-0.6813,0.7314,1.4127,0.3168,-0.6813,0.412,0.362,-0.4547,0.3571,0.8118,-0.0125,-0.1899,-0.2138,0.1574
17092026-204853-AM  Kent Butaya-ford_mustang_gt3-rt_sebring-raceday_endu_crc.ld,AM  Kent Butaya,ford_mustang_gt3,rt_sebring-raceday_endu_crc,4,122.288,Str 10-11,7.403,-21.1008,13.7404,34.8412,-2.6825,13.7404,-21.1008,5.8561,128.8325,213.3546,84.522,177.4487,128.8325,213.3546,25.4369,0.0,0.0,0.0,0.0,0.0,0.0,0.0,0.0004,1.7103,1.7099,0.2635,0.6901,1.6268,0.389,-1.0818,1.7103,2.7921,0.1133,-0.6901,1.6268,0.455,-0.172,0.776,0.948,0.3287,0.412,0.2113,0.1496,-0.5683,0.592,1.1603,-0.001,-0.2138,-0.0761,0.2126
17092026-204853-AM  Kent Butaya-ford_mustang_gt3-rt_sebring-raceday_endu_crc.ld,AM  Kent Butaya,ford_mustang_gt3,rt_sebring-raceday_endu_crc,4,122.288,Turn 11,0.82,-21.1008,-3.0689,18.0319,-10.5171,-21.1008,-4.3809,5.3412,213.3546,218.7165,5.3619,215.864,213.3546,218.7165,1.6031,0.0,0.0,0.0,0.0,0.0,0.0,0.0,0.5412,2.0383,1.4971,1.1825,1.6268,0.5412,0.416,0.5412,2.0383,1.4971,1.1825,1.6268,0.5412,0.416,0.1685,0.2434,0.0749,0.2127,0.2113,0.2112,0.0164,-0.4874,0.688,1.1754,-0.0426,-0.0761,-0.1884,0.2995
17092026-204853-AM  Kent Butaya-ford_mustang_gt3-rt_sebring-raceday_endu_crc.ld,AM  Kent Butaya,ford_mustang_gt3,rt_sebring-raceday_endu_crc,4,122.288,Str 11-12,0.72,-14.1371,-4.3809,9.7563,-9.6043,-4.3809,-12.2494,3.9027,218.7165,223.8043,5.0879,221.3085,218.7165,223.8043,1.5999,0.0,0.0,0.0,0.0,0.0,0.0,0.0,0.4407,1.2426,0.8019,0.7532,0.5412,1.225,0.2695,0.4407,1.2426,0.8019,0.7532,0.5412,1.225,0.2695,0.1639,0.2338,0.0699,0.2078,0.2112,0.2083,0.0168,-0.1974,0.2436,0.4409,-0.0393,-0.1884,-0.0254,0.1153
17092026-204853-AM  Kent Butaya-ford_mustang_gt3-rt_sebring-raceday_endu_crc.ld,AM  Kent Butaya,ford_mustang_gt3,rt_sebring-raceday_endu_crc,4,122.288,Turn 12,1.685,-29.0635,-8.6219,20.4416,-15.8524,-12.2494,-8.6219,5.4521,223.8043,232.3092,8.5049,228.158,223.8043,232.3092,2.3886,0.0,0.4858,0.4858,0.0092,0.0,0.4858,0.0,1.0683,2.0184,0.9501,1.4421,1.225,1.0788,0.2696,1.0683,2.0184,0.9501,1.4421,1.225,1.0788,0.2696,0.1213,0.2423,0.121,0.1903,0.2083,0.1828,0.0232,-0.4729,0.2426,0.7155,-0.0391,-0.0254,0.0501,0.1385
17092026-204853-AM  Kent Butaya-ford_mustang_gt3-rt_sebring-raceday_endu_crc.ld,AM  Kent Butaya,ford_mustang_gt3,rt_sebring-raceday_endu_crc,4,122.288,Str 12-13,1.873,-8.6219,29.4453,38.0672,12.902,-8.6219,28.3582,11.3117,139.6915,232.4702,92.7787,186.6161,232.3092,139.6915,29.6064,0.4858,100.0,99.5142,89.1294,0.4858,51.2244,23.8798,0.0298,1.5488,1.519,0.8019,1.0788,1.5488,0.384,-1.5488,1.1308,2.6795,-0.5354,1.0788,-1.5488,0.7116,-1.8884,0.1875,2.0758,-1.3649,0.1828,-0.9132,0.4458,-0.3733,0.3658,0.7392,-0.0272,0.0501,0.0384,0.1752
17092026-204853-AM  Kent Butaya-ford_mustang_gt3-rt_sebring-raceday_endu_crc.ld,AM  Kent Butaya,ford_mustang_gt3,rt_sebring-raceday_endu_crc,4,122.288,Turn 13,2.955,-31.8476,45.7703,77.618,18.2482,28.3582,11.6103,20.4973,126.6508,144.066,17.4152,133.1065,139.6915,144.066,4.6209,0.0,51.2244,51.2244,1.5652,51.2244,0.0,7.5949,0.3288,1.9511,1.6223,1.3687,1.5488,1.4022,0.3542,-1.9511,-0.3288,1.6223,-1.3687,-1.5488,-1.4022,0.3542,-0.9132,0.5336,1.4468,0.114,-0.9132,0.476,0.3218,-0.4217,0.5929,1.0146,-0.0194,0.0384,-0.0556,0.1472
17092026-204853-AM  Kent Butaya-ford_mustang_gt3-rt_sebring-raceday_endu_crc.ld,AM  Kent Butaya,ford_mustang_gt3,rt_sebring-raceday_endu_crc,4,122.288,Str 13-14,3.804,-37.4142,53.654,91.0683,5.1596,11.6103,46.8938,30.5717,109.7744,168.1697,58.3953,142.4106,144.066,110.3319,20.183,0.0,98.9167,98.9167,25.1317,0.0,0.0,39.9766,0.0522,1.8706,1.8184,1.1934,1.4022,1.4857,0.447,-1.6644,1.8706,3.5351,0.0439,-1.4022,-1.4857,1.2748,-1.8289,0.5449,2.3737,-0.2003,0.476,0.3407,0.7847,-0.3181,0.3939,0.712,-0.0231,-0.0556,-0.0558,0.117
17092026-204853-AM  Kent Butaya-ford_mustang_gt3-rt_sebring-raceday_endu_crc.ld,AM  Kent Butaya,ford_mustang_gt3,rt_sebring-raceday_endu_crc,4,122.288,Turn 14,26.044,-7.8568,60.1399,67.9967,11.9757,46.8938,11.1193,16.8444,110.3319,256.4796,146.1478,186.1127,110.3319,180.2064,44.6511,0.0,100.0,100.0,9.6347,0.0,0.0,29.0433,0.0,2.1613,2.1613,0.7081,1.4857,0.8244,0.6612,-2.1613,0.3007,2.462,-0.6628,-1.4857,-0.8244,0.7066,-1.9877,0.7344,2.7221,0.1039,0.3407,0.3084,0.5101,-0.7777,0.7789,1.5566,-0.0157,-0.0558,0.0218,0.1781
17092026-204853-AM  Kent Butaya-ford_mustang_gt3-rt_sebring-raceday_endu_crc.ld,AM  Kent Butaya,ford_mustang_gt3,rt_sebring-raceday_endu_crc,4,122.288,Str 0-1 (Start),4.151,-5.5374,11.1193,16.6567,-0.8428,11.1193,-2.6493,3.5258,180.2064,218.4716,38.2652,201.2163,180.2064,218.4716,11.1686,0.0,0.0,0.0,0.0,0.0,0.0,0.0,0.0097,0.8635,0.8538,0.2383,0.8244,0.0948,0.2249,-0.8635,0.3904,1.2539,-0.0345,-0.8244,0.0948,0.3267,-0.1767,0.4256,0.6023,0.2635,0.3084,0.2219,0.0855,-0.7023,0.528,1.2304,-0.0018,0.0218,0.222,0.2295
17092026-204853-AM  Kent Butaya-ford_mustang_gt3-rt_sebring-raceday_endu_crc.ld,AM  Kent Butaya,ford_mustang_gt3,rt_sebring-raceday_endu_crc,5,123.06,Str 0-1 (End),7.521,-24.0339,3.2557,27.2896,-4.4707,-2.6493,-21.5204,5.6906,161.2725,239.2709,77.9985,216.1479,218.4716,161.2725,24.0993,0.0,93.6278,93.6278,11.5878,0.0,0.0,27.5556,0.0026,1.6838,1.6812,0.3944,0.0948,1.3792,0.4551,-0.1967,1.6838,1.8805,0.3385,0.0948,1.3792,0.4981,-1.6471,0.249,1.8961,-0.2069,0.2219,-0.1619,0.4883,-0.6215,0.6985,1.32,-0.0074,0.222,0.0093,0.2288
17092026-204853-AM  Kent Butaya-ford_mustang_gt3-rt_sebring-raceday_endu_crc.ld,AM  Kent Butaya,ford_mustang_gt3,rt_sebring-raceday_endu_crc,5,123.06,Turn 1,3.395,-54.296,-16.822,37.4741,-41.3444,-21.5204,-30.8021,11.8516,153.9136,176.0742,22.1607,162.6717,161.2725,176.0742,6.3962,0.0,0.0,0.0,0.0,0.0,0.0,0.0,0.8616,2.331,1.4694,1.5265,1.3792,1.4427,0.266,0.8616,2.331,1.4694,1.5265,1.3792,1.4427,0.266,-0.2073,0.4982,0.7055,0.1952,-0.1619,0.3205,0.2227,-0.6507,0.514,1.1647,-0.0387,0.0093,0.0913,0.2074
17092026-204853-AM  Kent Butaya-ford_mustang_gt3-rt_sebring-raceday_endu_crc.ld,AM  Kent Butaya,ford_mustang_gt3,rt_sebring-raceday_endu_crc,5,123.06,Str 1-2,6.465,-68.2694,14.2249,82.4942,-11.8833,-30.8021,-68.2694,20.0555,91.972,211.4404,119.4684,176.0806,176.0742,91.972,33.9473,0.0,100.0,100.0,35.2961,0.0,1.7098,46.6726,0.0158,1.9914,1.9756,0.7093,1.4427,1.437,0.4374,-1.3566,1.9914,3.348,0.2374,1.4427,1.437,0.7987,-1.7875,0.481,2.2685,-0.3511,0.3205,-0.1332,0.8184,-0.5801,0.7057,1.2858,-0.0054,0.0913,-0.0963,0.2045
17092026-204853-AM  Kent Butaya-ford_mustang_gt3-rt_sebring-raceday_endu_crc.ld,AM  Kent Butaya,ford_mustang_gt3,rt_sebring-raceday_endu_crc,5,123.06,Turn 2,2.406,-70.5117,32.3897,102.9014,-34.7584,-68.2694,32.3897,28.3174,89.3129,125.0018,35.6889,102.8765,91.972,125.0018,11.2892,0.0,1.7098,1.7098,0.0231,1.7098,0.0,0.2001,0.0456,1.8363,1.7907,1.0535,1.437,0.7291,0.4381,-0.7614,1.8363,2.5977,0.9926,1.437,-0.7291,0.5427,-0.2072,0.7721,0.9793,0.4034,-0.1332,0.6074,0.2791,-0.3331,0.3999,0.7329,-0.0253,-0.0963,-0.0897,0.125
17092026-204853-AM  Kent Butaya-ford_mustang_gt3-rt_sebring-raceday_endu_crc.ld,AM  Kent Butaya,ford_mustang_gt3,rt_sebring-raceday_endu_crc,5,123.06,Str 2-3,0.66,32.3897,33.926,1.5363,33.2813,32.3897,33.0721,0.3023,125.0018,136.6555,11.6538,131.0431,125.0018,136.6555,3.6503,0.0,0.0,0.0,0.0,0.0,0.0,0.0,0.7263,1.532,0.8057,1.2586,0.7291,1.38,0.2083,-1.532,-0.7263,0.8057,-1.2586,-0.7291,-1.38,0.2083,0.4276,0.6296,0.202,0.532,0.6074,0.4655,0.0476,-0.1516,0.2629,0.4144,0.0202,-0.0897,-0.0547,0.1324
17092026-204853-AM  Kent Butaya-ford_mustang_gt3-rt_sebring-raceday_endu_crc.ld,AM  Kent Butaya,ford_mustang_gt3,rt_sebring-raceday_endu_crc,5,123.06,Turn 3,0.773,-12.7833,33.0721,45.8554,8.5902,33.0721,-2.2918,15.1023,136.6555,146.2031,9.5476,140.8751,136.6555,146.2031,2.763,0.0,0.0,0.0,0.0,0.0,0.0,0.0,0.3062,1.6229,1.3167,0.928,1.38,0.317,0.499,-1.6229,-0.3062,1.3167,-0.928,-1.38,-0.317,0.499,-0.0826,0.5896,0.6721,0.4011,0.4655,0.5018,0.1719,-0.2394,0.1847,0.4241,-0.0362,-0.0547,-0.0458,0.1077
17092026-204853-AM  Kent Butaya-ford_mustang_gt3-rt_sebring-raceday_endu_crc.ld,AM  Kent Butaya,ford_mustang_gt3,rt_sebring-raceday_endu_crc,5,123.06,Str 3-4,0.75,-31.3845,-2.2918,29.0927,-23.9571,-2.2918,-31.3845,8.6499,125.6867,148.6422,22.9555,139.9372,146.2031,125.6867,7.7569,0.0,99.7944,99.7944,67.0781,0.0,97.4245,41.3455,0.0406,1.4791,1.4385,0.8218,0.317,1.3105,0.4205,-0.317,1.4791,1.7961,0.7731,-0.317,1.3105,0.5071,-1.7105,0.5122,2.2226,-0.7255,0.5018,-1.1794,0.7531,-0.2603,0.2959,0.5561,-0.0194,-0.0458,-0.0014,0.1225
17092026-204853-AM  Kent Butaya-ford_mustang_gt3-rt_sebring-raceday_endu_crc.ld,AM  Kent Butaya,ford_mustang_gt3,rt_sebring-raceday_endu_crc,5,123.06,Turn 4,3.866,-67.8751,44.0033,111.8783,-38.2126,-31.3845,8.9026,31.6315,99.3584,137.336,37.9776,113.1486,125.6867,137.336,10.8162,0.0,97.4245,97.4245,9.4002,97.4245,0.0,25.7346,0.0021,1.9937,1.9916,1.28,1.3105,0.083,0.4025,-0.083,1.9937,2.0767,1.2785,1.3105,-0.083,0.4046,-1.2805,0.7403,2.0207,0.152,-1.1794,0.5825,0.5196,-0.2185,0.2317,0.4502,-0.0209,-0.0014,0.1259,0.0941
17092026-204853-AM  Kent Butaya-ford_mustang_gt3-rt_sebring-raceday_endu_crc.ld,AM  Kent Butaya,ford_mustang_gt3,rt_sebring-raceday_endu_crc,5,123.06,Str 4-5,15.129,-5.9788,104.6148,110.5936,9.266,8.9026,104.6148,15.9301,70.0495,242.1803,172.1308,182.1593,137.336,70.0495,46.9815,0.0,100.0,100.0,20.8339,0.0,0.0,40.2165,0.0,1.4545,1.4545,0.5419,0.083,1.338,0.3952,-1.4545,0.2909,1.7454,-0.5222,-0.083,-1.338,0.4209,-1.9273,0.5874,2.5147,-0.1175,0.5825,-0.1803,0.7308,-0.646,0.555,1.201,0.0019,0.1259,-0.1642,0.1724
17092026-204853-AM  Kent Butaya-ford_mustang_gt3-rt_sebring-raceday_endu_crc.ld,AM  Kent Butaya,ford_mustang_gt3,rt_sebring-raceday_endu_crc,5,123.06,Turn 5,2.035,-7.3533,105.3869,112.7401,47.2508,104.6148,16.765,40.842,67.7214,92.7103,24.9889,77.615,70.0495,92.7103,7.8706,0.0,0.0,0.0,0.0,0.0,0.0,0.0,0.5528,2.0716,1.5188,1.2545,1.338,0.6301,0.3058,-2.0716,-0.5528,1.5188,-1.2545,-1.338,-0.6301,0.3058,-0.2893,0.8007,1.09,0.3587,-0.1803,0.6103,0.3181,-0.3052,0.6335,0.9387,-0.0022,-0.1642,-0.0609,0.1504
17092026-204853-AM  Kent Butaya-ford_mustang_gt3-rt_sebring-raceday_endu_crc.ld,AM  Kent Butaya,ford_mustang_gt3,rt_sebring-raceday_endu_crc,5,123.06,Str 5-6,9.073,-21.1935,18.5694,39.7629,3.6303,16.765,-14.6405,8.6857,92.7103,213.1108,120.4005,164.6075,92.7103,213.1108,34.7571,0.0,0.0,0.0,0.0,0.0,0.0,0.0,0.0018,1.5047,1.5029,0.5622,0.6301,1.4955,0.3608,-1.5047,1.4955,3.0002,-0.2898,-0.6301,1.4955,0.5984,-0.1963,0.8347,1.0311,0.3823,0.6103,0.1842,0.1674,-0.7339,0.5573,1.2912,0.0012,-0.0609,0.2272,0.1762
17092026-204853-AM  Kent Butaya-ford_mustang_gt3-rt_sebring-raceday_endu_crc.ld,AM  Kent Butaya,ford_mustang_gt3,rt_sebring-raceday_endu_crc,5,123.06,Turn 6,1.015,-16.2802,-6.4155,9.8647,-12.5102,-14.6405,-6.4155,2.3071,213.1108,219.6443,6.5335,216.4066,213.1108,219.6443,1.9467,0.0,0.0,0.0,0.0,0.0,0.0,0.0,0.853,1.5283,0.6753,1.2001,1.4955,0.9971,0.1834,0.853,1.5283,0.6753,1.2001,1.4955,0.9971,0.1834,0.166,0.2611,0.0951,0.2078,0.1842,0.252,0.0226,-0.4688,0.3831,0.8519,0.0026,0.2272,-0.0657,0.2093
17092026-204853-AM  Kent Butaya-ford_mustang_gt3-rt_sebring-raceday_endu_crc.ld,AM  Kent Butaya,ford_mustang_gt3,rt_sebring-raceday_endu_crc,5,123.06,Str 6-7,4.919,-6.4155,64.068,70.4835,11.0223,-6.4155,64.068,21.2121,94.0399,233.792,139.7521,186.8035,219.6443,94.0399,47.6754,0.0,100.0,100.0,51.05,0.0,0.0,48.2582,0.0038,1.6751,1.6713,0.5207,0.9971,1.3834,0.4072,-1.6751,0.9973,2.6724,-0.2539,0.9971,-1.3834,0.6099,-1.8753,0.252,2.1273,-0.6946,0.252,-0.1433,0.8452,-0.676,0.4694,1.1454,-0.0203,-0.0657,-0.2013,0.1869
17092026-204853-AM  Kent Butaya-ford_mustang_gt3-rt_sebring-raceday_endu_crc.ld,AM  Kent Butaya,ford_mustang_gt3,rt_sebring-raceday_endu_crc,5,123.06,Turn 7,2.809,-147.0,64.9386,211.9386,-22.6966,64.068,-13.8611,62.7176,84.8063,109.957,25.1507,91.7687,94.0399,109.957,7.1954,0.0,0.0,0.0,0.0,0.0,0.0,0.0,0.0042,1.8588,1.8546,1.1396,1.3834,0.149,0.4323,-1.8588,0.149,2.0078,-1.1358,-1.3834,0.149,0.4368,-0.1488,0.7142,0.863,0.333,-0.1433,0.6163,0.2856,-0.3122,0.2959,0.6081,-0.0224,-0.2013,0.0624,0.1259
17092026-204853-AM  Kent Butaya-ford_mustang_gt3-rt_sebring-raceday_endu_crc.ld,AM  Kent Butaya,ford_mustang_gt3,rt_sebring-raceday_endu_crc,5,123.06,Str 7-8,1.241,-35.9328,-13.8611,22.0717,-28.1855,-13.8611,-23.2125,5.5534,109.957,134.1697,24.2127,122.5167,109.957,134.1697,7.272,0.0,0.0,0.0,0.0,0.0,0.0,0.0,0.149,1.7911,1.6421,1.0091,0.149,1.6459,0.3852,0.149,1.7911,1.6421,1.0091,0.149,1.6459,0.3852,0.4308,0.6851,0.2543,0.5769,0.6163,0.5807,0.0494,-0.3749,0.4219,0.7968,0.0061,0.0624,0.3029,0.1677
17092026-204853-AM  Kent Butaya-ford_mustang_gt3-rt_sebring-raceday_endu_crc.ld,AM  Kent Butaya,ford_mustang_gt3,rt_sebring-raceday_endu_crc,5,123.06,Turn 8,3.608,-32.0242,5.1463,37.1705,-22.4239,-23.2125,5.1463,7.0227,134.1697,178.1925,44.0228,157.6821,134.1697,178.1925,13.1539,0.0,0.0,0.0,0.0,0.0,0.0,0.0,0.1881,1.8343,1.6462,1.2615,1.6459,0.1881,0.2433,0.1881,1.8343,1.6462,1.2615,1.6459,0.1881,0.2433,-0.1399,0.6384,0.7783,0.3771,0.5807,0.3231,0.1354,-0.3149,0.3115,0.6264,-0.0177,0.3029,-0.3116,0.1207
17092026-204853-AM  Kent Butaya-ford_mustang_gt3-rt_sebring-raceday_endu_crc.ld,AM  Kent Butaya,ford_mustang_gt3,rt_sebring-raceday_endu_crc,5,123.06,Str 8-9,1.624,-3.4579,20.0609,23.5188,9.6497,5.1463,16.5202,6.9135,178.1925,195.6288,17.4362,187.2989,178.1925,195.6288,5.254,0.0,0.0,0.0,0.0,0.0,0.0,0.0,0.002,1.7186,1.7166,0.7202,0.1881,1.3878,0.5352,-1.7186,0.1881,1.9066,-0.7098,0.1881,-1.3878,0.5491,0.2721,0.3756,0.1035,0.3183,0.3231,0.2766,0.0221,-0.3484,0.4382,0.7866,-0.021,-0.3116,0.0302,0.1949
17092026-204853-AM  Kent Butaya-ford_mustang_gt3-rt_sebring-raceday_endu_crc.ld,AM  Kent Butaya,ford_mustang_gt3,rt_sebring-raceday_endu_crc,5,123.06,Turn 9,0.775,-2.524,16.5202,19.0442,5.157,16.5202,0.3179,5.5917,192.5254,201.0435,8.5181,197.9552,195.6288,192.5254,1.9104,0.0,100.0,100.0,23.494,0.0,100.0,36.6643,0.1369,1.5427,1.4057,0.8492,1.3878,0.1611,0.4167,-1.5427,-0.1369,1.4057,-0.8492,-1.3878,-0.1611,0.4167,-1.7873,0.3412,2.1285,-0.1122,0.2766,-1.6844,0.735,-0.3007,0.2652,0.5659,0.0069,0.0302,0.0257,0.137
17092026-204853-AM  Kent Butaya-ford_mustang_gt3-rt_sebring-raceday_endu_crc.ld,AM  Kent Butaya,ford_mustang_gt3,rt_sebring-raceday_endu_crc,5,123.06,Str 9-10,2.078,-2.5698,75.0935,77.6633,30.5156,0.3179,75.0935,27.4658,105.5148,192.5254,87.0106,139.2811,192.5254,105.5148,28.3832,0.0,100.0,100.0,72.8793,100.0,0.0,40.7745,0.0573,1.9718,1.9146,0.8137,0.1611,1.3691,0.5388,-1.9718,-0.0573,1.9146,-0.8137,-0.1611,-1.3691,0.5388,-1.7703,-0.116,1.6544,-1.1522,-1.6844,-0.1483,0.5659,-0.307,0.2997,0.6067,-0.0374,0.0257,-0.1968,0.1188
17092026-204853-AM  Kent Butaya-ford_mustang_gt3-rt_sebring-raceday_endu_crc.ld,AM  Kent Butaya,ford_mustang_gt3,rt_sebring-raceday_endu_crc,5,123.06,Turn 10,2.534,7.5368,75.997,68.4602,40.0145,75.0935,10.6719,22.9467,100.7491,133.7969,33.0478,112.8491,105.5148,133.7969,10.4506,0.0,0.0,0.0,0.0,0.0,0.0,0.0,0.6279,1.9294,1.3015,1.3266,1.3691,1.0486,0.3302,-1.9294,-0.6279,1.3015,-1.3266,-1.3691,-1.0486,0.3302,-0.1917,0.7481,0.9398,0.3677,-0.1483,0.6117,0.3123,-0.2883,0.4066,0.6949,-0.005,-0.1968,0.1077,0.1643
17092026-204853-AM  Kent Butaya-ford_mustang_gt3-rt_sebring-raceday_endu_crc.ld,AM  Kent Butaya,ford_mustang_gt3,rt_sebring-raceday_endu_crc,5,123.06,Str 10-11,7.26,-20.0521,10.6719,30.724,-2.6451,10.6719,-13.1174,6.1218,133.7969,215.4483,81.6514,180.9805,133.7969,215.4483,24.4561,0.0,0.0,0.0,0.0,0.0,0.0,0.0,0.0007,1.7786,1.7779,0.3118,1.0486,1.4332,0.4146,-1.1118,1.7786,2.8904,0.1177,-1.0486,1.4332,0.5044,-0.1768,0.6117,0.7885,0.3234,0.6117,0.2083,0.1327,-0.5973,0.5228,1.12,-0.0003,0.1077,0.1355,0.2
17092026-204853-AM  Kent Butaya-ford_mustang_gt3-rt_sebring-raceday_endu_crc.ld,AM  Kent Butaya,ford_mustang_gt3,rt_sebring-raceday_endu_crc,5,123.06,Turn 11,0.812,-16.4007,-4.9921,11.4087,-11.1886,-13.1174,-4.9921,3.6725,215.4483,220.7566,5.3083,218.118,215.4483,220.7566,1.5928,0.0,0.0,0.0,0.0,0.0,0.0,0.0,0.8314,1.5944,0.763,1.1825,1.4332,0.8314,0.2115,0.8314,1.5944,0.763,1.1825,1.4332,0.8314,0.2115,0.1659,0.239,0.0731,0.2107,0.2083,0.2299,0.0157,-0.3955,0.4904,0.8859,-0.0374,0.1355,-0.1515,0.2487
17092026-204853-AM  Kent Butaya-ford_mustang_gt3-rt_sebring-raceday_endu_crc.ld,AM  Kent Butaya,ford_mustang_gt3,rt_sebring-raceday_endu_crc,5,123.06,Str 11-12,0.714,-8.2222,-4.9921,3.2302,-6.2918,-4.9921,-8.2015,1.366,220.7566,225.875,5.1184,223.3351,220.7566,225.875,1.5544,0.0,0.0,0.0,0.0,0.0,0.0,0.0,0.4427,0.8314,0.3887,0.6111,0.8314,0.7661,0.1096,0.4427,0.8314,0.3887,0.6111,0.8314,0.7661,0.1096,0.1749,0.2342,0.0593,0.2092,0.2299,0.2033,0.0138,-0.2003,0.2143,0.4146,-0.0274,-0.1515,0.0134,0.1277
17092026-204853-AM  Kent Butaya-ford_mustang_gt3-rt_sebring-raceday_endu_crc.ld,AM  Kent Butaya,ford_mustang_gt3,rt_sebring-raceday_endu_crc,5,123.06,Turn 12,1.686,-32.4361,-7.0879,25.3482,-20.8404,-8.2015,-7.0879,6.6888,225.875,232.6855,6.8105,229.5268,225.875,232.6855,1.8378,0.0,0.0,0.0,0.0,0.0,0.0,0.0,0.73,2.2139,1.4839,1.6001,0.7661,1.3953,0.3595,0.73,2.2139,1.4839,1.6001,0.7661,1.3953,0.3595,0.1079,0.2364,0.1285,0.1783,0.2033,0.1855,0.0267,-0.5295,0.3417,0.8712,-0.0383,0.0134,-0.0288,0.1683
17092026-204853-AM  Kent Butaya-ford_mustang_gt3-rt_sebring-raceday_endu_crc.ld,AM  Kent Butaya,ford_mustang_gt3,rt_sebring-raceday_endu_crc,5,123.06,Str 12-13,1.833,-7.0879,21.9798,29.0676,11.0034,-7.0879,19.4347,7.9638,146.9305,233.1583,86.2277,190.7139,232.6855,146.9305,28.2153,0.0,100.0,100.0,82.1087,0.0,23.8238,29.6787,0.007,1.5853,1.5783,0.9123,1.3953,1.5494,0.428,-1.5853,1.4324,3.0178,-0.6112,1.3953,-1.5494,0.8042,-1.9969,0.2173,2.2142,-1.2695,0.1855,-0.5895,0.5376,-0.3909,0.3877,0.7786,-0.0328,-0.0288,-0.0686,0.1861
17092026-204853-AM  Kent Butaya-ford_mustang_gt3-rt_sebring-raceday_endu_crc.ld,AM  Kent Butaya,ford_mustang_gt3,rt_sebring-raceday_endu_crc,5,123.06,Turn 13,2.974,-177.6739,39.6427,217.3166,-9.2304,19.4347,-177.6739,51.021,128.4939,146.9305,18.4367,135.123,146.9305,131.5473,5.3167,0.0,23.8238,23.8238,0.5508,23.8238,0.0,3.1939,0.6216,1.983,1.3615,1.4649,1.5494,0.9758,0.29,-1.983,-0.6216,1.3615,-1.4649,-1.5494,-0.9758,0.29,-0.5895,0.5261,1.1156,0.0189,-0.5895,0.3208,0.252,-0.558,0.641,1.1991,-0.031,-0.0686,0.122,0.1689
17092026-204853-AM  Kent Butaya-ford_mustang_gt3-rt_sebring-raceday_endu_crc.ld,AM  Kent Butaya,ford_mustang_gt3,rt_sebring-raceday_endu_crc,5,123.06,Str 13-14,3.985,-186.3537,56.8842,243.2379,-10.2366,-177.6739,56.8842,53.7324,115.3401,156.9066,41.5665,136.2338,131.5473,115.3401,12.503,0.0,100.0,100.0,14.8694,0.0,0.0,32.327,0.0715,1.982,1.9104,1.2307,0.9758,1.5004,0.3916,-1.7743,1.982,3.7563,0.1378,-0.9758,-1.5004,1.2849,-1.6832,0.5603,2.2436,-0.0598,0.3208,-0.1224,0.6449,-0.6193,0.7942,1.4134,-0.0217,0.122,-0.1217,0.1918
17092026-204853-AM  Kent Butaya-ford_mustang_gt3-rt_sebring-raceday_endu_crc.ld,AM  Kent Butaya,ford_mustang_gt3,rt_sebring-raceday_endu_crc,5,123.06,Turn 14,26.928,-61.1471,56.8842,118.0313,10.449,56.8842,6.3344,17.5751,106.8012,256.3824,149.5812,181.5957,115.3401,176.8999,48.3234,0.0,100.0,100.0,10.3702,0.0,0.0,30.1297,0.0,2.1513,2.1513,0.6642,1.5004,0.7,0.6085,-2.1513,0.4711,2.6224,-0.609,-1.5004,-0.7,0.6638,-1.7724,0.7456,2.5179,0.0888,-0.1224,0.3386,0.5171,-0.7766,0.8262,1.6028,-0.016,-0.1217,0.074,0.1669
17092026-204853-AM  Kent Butaya-ford_mustang_gt3-rt_sebring-raceday_endu_crc.ld,AM  Kent Butaya,ford_mustang_gt3,rt_sebring-raceday_endu_crc,5,123.06,Str 0-1 (Start),4.193,-4.7023,6.5862,11.2884,-0.3784,6.3344,-1.4522,2.7348,176.8999,216.7748,39.8749,198.7101,176.8999,216.7748,11.7157,0.0,0.0,0.0,0.0,0.0,0.0,0.0,0.0009,0.7632,0.7623,0.1886,0.7,0.1285,0.178,-0.7632,0.2436,1.0067,-0.0785,-0.7,0.1285,0.2473,-0.1726,0.4715,0.644,0.2748,0.3386,0.2219,0.0874,-0.7118,0.4816,1.1934,-0.0051,0.074,0.2094,0.2419
17092026-204853-AM  Kent Butaya-ford_mustang_gt3-rt_sebring-raceday_endu_crc.ld,AM  Kent Butaya,ford_mustang_gt3,rt_sebring-raceday_endu_crc,6,122.179,Str 0-1 (End),7.437,-22.1102,4.7345,26.8447,-4.5438,-1.4522,-22.1102,5.501,165.1524,241.4043,76.252,218.5959,216.7748,165.1524,23.9083,0.0,100.0,100.0,13.313,0.0,0.0,30.6923,0.0003,1.6901,1.6898,0.4165,0.1285,1.1875,0.4628,-0.4679,1.6901,2.1581,0.3424,0.1285,1.1875,0.52,-1.7341,0.2763,2.0104,-0.188,0.2219,-0.1693,0.5393,-0.6533,0.6418,1.2951,-0.0175,0.2094,-0.0317,0.2255
17092026-204853-AM  Kent Butaya-ford_mustang_gt3-rt_sebring-raceday_endu_crc.ld,AM  Kent Butaya,ford_mustang_gt3,rt_sebring-raceday_endu_crc,6,122.179,Turn 1,3.434,-51.0055,-22.1102,28.8953,-40.5012,-22.1102,-27.615,8.6165,155.9538,171.6601,15.7063,161.9542,165.1524,171.6601,4.183,0.0,0.0,0.0,0.0,0.0,0.0,0.0,0.8539,2.1284,1.2745,1.5411,1.1875,1.6366,0.233,0.8539,2.1284,1.2745,1.5411,1.1875,1.6366,0.233,-0.2525,0.4161,0.6685,0.1234,-0.1693,0.2565,0.2127,-0.6201,0.3928,1.0129,-0.0407,-0.0317,0.0604,0.1849
17092026-204853-AM  Kent Butaya-ford_mustang_gt3-rt_sebring-raceday_endu_crc.ld,AM  Kent Butaya,ford_mustang_gt3,rt_sebring-raceday_endu_crc,6,122.179,Str 1-2,6.579,-62.2756,14.1821,76.4576,-10.3057,-27.615,-62.2756,18.0758,97.4359,210.4431,113.0072,173.1425,171.6601,97.4359,32.986,0.0,100.0,100.0,30.7612,0.0,0.0,43.8304,0.0006,1.8267,1.8261,0.6767,1.6366,1.4291,0.511,-1.4767,1.8267,3.3033,0.2204,1.6366,1.4291,0.8187,-1.8239,0.4825,2.3064,-0.3036,0.2565,-0.1446,0.8049,-0.8626,0.9306,1.7932,-0.0023,0.0604,-0.1246,0.2413
17092026-204853-AM  Kent Butaya-ford_mustang_gt3-rt_sebring-raceday_endu_crc.ld,AM  Kent Butaya,ford_mustang_gt3,rt_sebring-raceday_endu_crc,6,122.179,Turn 2,2.363,-63.0508,31.5884,94.6392,-28.7733,-62.2756,31.5884,29.1977,93.5849,122.7215,29.1366,103.7275,97.4359,122.7215,8.9352,0.0,0.0,0.0,0.0,0.0,0.0,0.0,0.0003,1.8183,1.818,1.0846,1.4291,1.0968,0.4298,-1.1174,1.8183,2.9358,0.8967,1.4291,-1.0968,0.7276,-0.18,0.7849,0.9649,0.3353,-0.1446,0.5961,0.3011,-0.3782,0.8208,1.199,-0.0229,-0.1246,0.0189,0.1856
17092026-204853-AM  Kent Butaya-ford_mustang_gt3-rt_sebring-raceday_endu_crc.ld,AM  Kent Butaya,ford_mustang_gt3,rt_sebring-raceday_endu_crc,6,122.179,Str 2-3,0.679,11.3345,31.5884,20.2538,22.3706,31.5884,13.2795,6.9348,122.7215,132.1531,9.4317,127.5269,122.7215,132.1531,2.5657,0.0,0.0,0.0,0.0,0.0,0.0,0.0,0.5739,1.9611,1.3872,1.2565,1.0968,1.1685,0.3661,-1.9611,-0.5739,1.3872,-1.2565,-1.0968,-1.1685,0.3661,0.0457,0.7552,0.7095,0.4605,0.5961,0.5351,0.1983,-0.7495,0.6981,1.4476,0.0241,0.0189,-0.1517,0.4045
17092026-204853-AM  Kent Butaya-ford_mustang_gt3-rt_sebring-raceday_endu_crc.ld,AM  Kent Butaya,ford_mustang_gt3,rt_sebring-raceday_endu_crc,6,122.179,Turn 3,0.792,-23.7096,17.619,41.3286,1.2219,13.2795,-23.7096,13.65,132.1531,143.3147,11.1616,137.6021,132.1531,143.3147,3.2564,0.0,0.0,0.0,0.0,0.0,0.0,0.0,0.0013,1.2885,1.2871,0.7329,1.1685,0.697,0.3938,-1.2885,0.697,1.9855,-0.5379,-1.1685,0.697,0.6128,-0.1109,0.6354,0.7462,0.4201,0.5351,0.4491,0.1874,-0.2197,0.2002,0.4199,-0.0176,-0.1517,-0.0948,0.1262
17092026-204853-AM  Kent Butaya-ford_mustang_gt3-rt_sebring-raceday_endu_crc.ld,AM  Kent Butaya,ford_mustang_gt3,rt_sebring-raceday_endu_crc,6,122.179,Str 3-4,0.766,-33.9096,-21.6462,12.2634,-24.5946,-23.7096,-33.9096,3.063,124.7143,146.1269,21.4127,138.4471,143.3147,124.7143,7.0336,0.0,94.1285,94.1285,59.7389,0.0,83.5333,38.2433,0.697,1.3484,0.6514,1.0089,0.697,1.2804,0.1491,0.697,1.3484,0.6514,1.0089,0.697,1.2804,0.1491,-1.5369,0.481,2.0179,-0.6456,0.4491,-1.2046,0.7641,-0.2825,0.2542,0.5367,-0.0301,-0.0948,0.0533,0.1247
17092026-204853-AM  Kent Butaya-ford_mustang_gt3-rt_sebring-raceday_endu_crc.ld,AM  Kent Butaya,ford_mustang_gt3,rt_sebring-raceday_endu_crc,6,122.179,Turn 4,3.75,-61.9601,-0.0567,61.9034,-40.603,-33.9096,-0.0567,17.9124,100.7484,141.2329,40.4845,115.4842,124.7143,141.2329,11.7568,0.0,83.5333,83.5333,7.959,83.5333,0.0,22.272,0.3761,1.8442,1.4682,1.2978,1.2804,0.3761,0.314,0.3761,1.8442,1.4682,1.2978,1.2804,0.3761,0.314,-1.2499,0.7032,1.9531,0.1765,-1.2046,0.5538,0.5183,-0.3283,0.2035,0.5318,-0.0154,0.0533,0.1301,0.1143
17092026-204853-AM  Kent Butaya-ford_mustang_gt3-rt_sebring-raceday_endu_crc.ld,AM  Kent Butaya,ford_mustang_gt3,rt_sebring-raceday_endu_crc,6,122.179,Str 4-5,14.791,-6.9947,133.5934,140.5881,11.5162,-0.0567,133.5934,23.3688,71.3765,237.2075,165.831,186.3622,141.2329,71.3765,42.6463,0.0,100.0,100.0,19.6059,0.0,0.0,38.8857,0.0,1.81,1.81,0.5697,0.3761,1.797,0.4098,-1.81,0.3761,2.186,-0.5382,0.3761,-1.797,0.4504,-1.9384,0.5574,2.4957,-0.1215,0.5538,-0.2604,0.6807,-0.5232,0.5804,1.1036,-0.0026,0.1301,0.2212,0.1734
17092026-204853-AM  Kent Butaya-ford_mustang_gt3-rt_sebring-raceday_endu_crc.ld,AM  Kent Butaya,ford_mustang_gt3,rt_sebring-raceday_endu_crc,6,122.179,Turn 5,2.171,5.9346,138.0574,132.1228,75.7792,133.5934,5.9346,46.1598,66.1041,93.6099,27.5058,77.1507,71.3765,93.6099,8.9519,0.0,0.0,0.0,0.0,0.0,0.0,0.0,0.4138,1.797,1.3833,1.2821,1.797,0.7048,0.2568,-1.797,-0.4138,1.3833,-1.2821,-1.797,-0.7048,0.2568,-0.2604,0.7448,1.0053,0.3342,-0.2604,0.639,0.335,-0.3454,0.2212,0.5666,-0.0078,0.2212,0.0271,0.1009
17092026-204853-AM  Kent Butaya-ford_mustang_gt3-rt_sebring-raceday_endu_crc.ld,AM  Kent Butaya,ford_mustang_gt3,rt_sebring-raceday_endu_crc,6,122.179,Str 5-6,9.059,-19.868,21.7745,41.6425,2.49,5.9346,-17.5226,9.4347,93.6099,213.0824,119.4724,165.0414,93.6099,213.0824,34.2295,0.0,0.0,0.0,0.0,0.0,0.0,0.0,0.0028,1.6375,1.6347,0.6063,0.7048,1.6375,0.3504,-1.4781,1.6375,3.1155,-0.2594,-0.7048,1.6375,0.6472,-0.1815,0.9726,1.1542,0.3828,0.639,0.1924,0.1735,-0.6821,0.6442,1.3264,0.0029,0.0271,0.256,0.1678
17092026-204853-AM  Kent Butaya-ford_mustang_gt3-rt_sebring-raceday_endu_crc.ld,AM  Kent Butaya,ford_mustang_gt3,rt_sebring-raceday_endu_crc,6,122.179,Turn 6,1.014,-18.6068,-6.5862,12.0206,-11.2608,-17.5226,-6.5862,4.4886,213.0824,219.6343,6.5519,216.2111,213.0824,219.6343,1.9384,0.0,0.0,0.0,0.0,0.0,0.0,0.0,0.489,1.6592,1.1702,1.1385,1.6375,0.588,0.3542,0.489,1.6592,1.1702,1.1385,1.6375,0.588,0.3542,0.1563,0.2625,0.1062,0.2065,0.1924,0.2169,0.0195,-0.5355,0.2887,0.8243,-0.0018,0.256,-0.0899,0.2109
17092026-204853-AM  Kent Butaya-ford_mustang_gt3-rt_sebring-raceday_endu_crc.ld,AM  Kent Butaya,ford_mustang_gt3,rt_sebring-raceday_endu_crc,6,122.179,Str 6-7,4.936,-6.5862,54.0474,60.6335,10.0895,-6.5862,53.995,19.5585,89.2533,233.9182,144.665,186.7034,219.6343,89.2533,47.7514,0.0,100.0,100.0,55.2564,0.0,40.2319,49.0249,0.0009,1.511,1.5101,0.4524,0.588,1.299,0.4104,-1.511,0.6306,2.1416,-0.265,0.588,-1.299,0.55,-1.8523,0.2404,2.0927,-0.7234,0.2169,-0.673,0.8398,-0.5494,0.6216,1.171,-0.0266,-0.0899,-0.1486,0.186
17092026-204853-AM  Kent Butaya-ford_mustang_gt3-rt_sebring-raceday_endu_crc.ld,AM  Kent Butaya,ford_mustang_gt3,rt_sebring-raceday_endu_crc,6,122.179,Turn 7,2.757,-104.1089,55.6738,159.7827,14.743,53.995,20.5158,38.154,80.4593,116.8634,36.4041,93.4398,89.2533,116.8634,11.1287,0.0,40.2319,40.2319,1.3098,40.2319,0.0,6.5542,0.579,1.8158,1.2368,1.1753,1.299,0.8562,0.3055,-1.8158,-0.579,1.2368,-1.1753,-1.299,-0.8562,0.3055,-0.673,0.7238,1.3968,0.3767,-0.673,0.5777,0.3324,-0.3595,0.2929,0.6523,-0.0281,-0.1486,-0.0358,0.1214
17092026-204853-AM  Kent Butaya-ford_mustang_gt3-rt_sebring-raceday_endu_crc.ld,AM  Kent Butaya,ford_mustang_gt3,rt_sebring-raceday_endu_crc,6,122.179,Str 7-8,1.184,-45.9027,20.5158,66.4185,-25.7442,20.5158,-39.9364,22.5175,116.8634,137.799,20.9356,128.4556,116.8634,137.799,6.6093,0.0,0.0,0.0,0.0,0.0,0.0,0.0,0.0455,1.7906,1.745,1.0629,0.8562,1.6474,0.4816,-0.8597,1.7906,2.6503,0.7186,-0.8562,1.6474,0.9257,0.1625,0.7111,0.5487,0.5345,0.5777,0.1625,0.0841,-0.1767,0.1823,0.3591,-0.0046,-0.0358,0.0509,0.07
17092026-204853-AM  Kent Butaya-ford_mustang_gt3-rt_sebring-raceday_endu_crc.ld,AM  Kent Butaya,ford_mustang_gt3,rt_sebring-raceday_endu_crc,6,122.179,Turn 8,3.641,-47.9908,4.6037,52.5945,-31.3862,-39.9364,-4.7634,18.1694,137.7576,178.4387,40.6811,158.2733,137.799,178.4387,12.3002,0.0,0.0,0.0,0.0,0.0,0.0,0.0,0.0131,2.0261,2.0131,1.3061,1.6474,0.168,0.5477,-0.2165,2.0261,2.2426,1.2832,1.6474,0.168,0.6002,-0.1337,0.5046,0.6383,0.3704,0.1625,0.3141,0.1217,-0.3623,0.4013,0.7636,-0.0221,0.0509,-0.3396,0.1209
17092026-204853-AM  Kent Butaya-ford_mustang_gt3-rt_sebring-raceday_endu_crc.ld,AM  Kent Butaya,ford_mustang_gt3,rt_sebring-raceday_endu_crc,6,122.179,Str 8-9,1.626,-4.7634,24.7484,29.5118,8.5267,-4.7634,12.0622,9.5048,178.4387,195.7604,17.3217,187.7299,178.4387,195.7604,5.2348,0.0,0.0,0.0,0.0,0.0,0.0,0.0,0.0042,1.926,1.9218,0.6921,0.168,1.3767,0.5814,-1.926,0.256,2.182,-0.6049,0.168,-1.3767,0.6725,0.2404,0.3803,0.1398,0.3183,0.3141,0.3297,0.0289,-0.4513,0.4813,0.9326,-0.0152,-0.3396,-0.1037,0.2052
17092026-204853-AM  Kent Butaya-ford_mustang_gt3-rt_sebring-raceday_endu_crc.ld,AM  Kent Butaya,ford_mustang_gt3,rt_sebring-raceday_endu_crc,6,122.179,Turn 9,0.783,-2.8106,12.0622,14.8728,3.7378,12.0622,-1.3292,3.4092,187.1848,199.9158,12.731,196.4646,195.7604,187.1848,2.9473,0.0,100.0,100.0,34.6644,0.0,100.0,40.6464,0.3354,1.5638,1.2284,0.8127,1.3767,0.3523,0.3898,-1.5638,-0.3354,1.2284,-0.8127,-1.3767,-0.3523,0.3898,-1.7587,0.3297,2.0884,-0.3037,0.3297,-1.6823,0.7806,-0.2239,0.2587,0.4826,0.0123,-0.1037,-0.0148,0.1229
17092026-204853-AM  Kent Butaya-ford_mustang_gt3-rt_sebring-raceday_endu_crc.ld,AM  Kent Butaya,ford_mustang_gt3,rt_sebring-raceday_endu_crc,6,122.179,Str 9-10,2.141,-1.3292,49.5104,50.8396,21.6333,-1.3292,21.1919,17.1145,105.6956,187.1848,81.4892,134.7126,187.1848,105.8498,26.9315,0.0,100.0,100.0,66.5287,100.0,0.0,44.9908,0.227,1.7609,1.5338,0.8651,0.3523,1.1941,0.4856,-1.7609,-0.227,1.5338,-0.8651,-0.3523,-1.1941,0.4856,-1.7747,0.1821,1.9568,-1.0484,-1.6823,0.1526,0.6542,-0.5234,0.2474,0.7708,-0.0487,-0.0148,-0.0844,0.1318
17092026-204853-AM  Kent Butaya-ford_mustang_gt3-rt_sebring-raceday_endu_crc.ld,AM  Kent Butaya,ford_mustang_gt3,rt_sebring-raceday_endu_crc,6,122.179,Turn 10,2.464,14.6803,61.7085,47.0282,42.1964,21.1919,18.4748,18.3886,105.8498,128.394,22.5442,113.9656,105.8498,128.394,5.8935,0.0,0.0,0.0,0.0,0.0,0.0,0.0,0.5502,2.119,1.5688,1.3358,1.1941,0.978,0.3059,-2.119,-0.5502,1.5688,-1.3358,-1.1941,-0.978,0.3059,0.0159,0.7608,0.745,0.3017,0.1526,0.4992,0.187,-0.621,0.573,1.194,0.001,-0.0844,-0.0596,0.2067
17092026-204853-AM  Kent Butaya-ford_mustang_gt3-rt_sebring-raceday_endu_crc.ld,AM  Kent Butaya,ford_mustang_gt3,rt_sebring-raceday_endu_crc,6,122.179,Str 10-11,7.371,-21.8122,18.4748,40.287,-2.5631,18.4748,-16.7395,6.0313,128.394,214.9479,86.5539,178.0255,128.394,214.9479,25.6915,0.0,0.0,0.0,0.0,0.0,0.0,0.0,0.0005,1.7965,1.796,0.3162,0.978,1.4341,0.4145,-1.3636,1.7965,3.1602,0.109,-0.978,1.4341,0.5089,-0.1924,0.8323,1.0247,0.3396,0.4992,0.1665,0.1449,-0.563,0.5226,1.0856,0.0018,-0.0596,0.0914,0.2018
17092026-204853-AM  Kent Butaya-ford_mustang_gt3-rt_sebring-raceday_endu_crc.ld,AM  Kent Butaya,ford_mustang_gt3,rt_sebring-raceday_endu_crc,6,122.179,Turn 11,0.815,-17.8707,-2.8106,15.06,-12.6944,-16.7395,-2.8106,6.2293,214.9479,220.0609,5.113,217.4077,214.9479,220.0609,1.5543,0.0,0.0,0.0,0.0,0.0,0.0,0.0,0.7525,1.6307,0.8782,1.2681,1.4341,0.7525,0.2324,0.7525,1.6307,0.8782,1.2681,1.4341,0.7525,0.2324,0.1665,0.2922,0.1257,0.2133,0.1665,0.2207,0.0305,-0.3978,0.4833,0.8811,-0.0623,0.0914,-0.028,0.2331
17092026-204853-AM  Kent Butaya-ford_mustang_gt3-rt_sebring-raceday_endu_crc.ld,AM  Kent Butaya,ford_mustang_gt3,rt_sebring-raceday_endu_crc,6,122.179,Str 11-12,0.717,-18.8367,-2.8106,16.0261,-10.1128,-2.8106,-17.4079,5.3024,220.0609,225.0845,5.0236,222.6486,220.0609,225.0845,1.534,0.0,0.0,0.0,0.0,0.0,0.0,0.0,0.4153,1.2822,0.8669,0.7477,0.7525,1.2665,0.2754,0.4153,1.2822,0.8669,0.7477,0.7525,1.2665,0.2754,0.1805,0.2383,0.0578,0.2091,0.2207,0.2092,0.0165,-0.22,0.2048,0.4248,-0.0224,-0.028,-0.1005,0.1206
17092026-204853-AM  Kent Butaya-ford_mustang_gt3-rt_sebring-raceday_endu_crc.ld,AM  Kent Butaya,ford_mustang_gt3,rt_sebring-raceday_endu_crc,6,122.179,Turn 12,1.681,-23.9707,-4.2183,19.7525,-15.8003,-17.4079,-4.2183,4.4622,225.0845,233.4224,8.3379,229.1878,225.0845,233.4224,2.4177,0.0,0.0,0.0,0.0,0.0,0.0,0.0,0.9847,1.9095,0.9248,1.4788,1.2665,0.9847,0.2104,0.9847,1.9095,0.9248,1.4788,1.2665,0.9847,0.2104,0.106,0.2647,0.1587,0.1866,0.2092,0.1748,0.0265,-0.4215,0.2467,0.6682,-0.0352,-0.1005,0.0765,0.1505
17092026-204853-AM  Kent Butaya-ford_mustang_gt3-rt_sebring-raceday_endu_crc.ld,AM  Kent Butaya,ford_mustang_gt3,rt_sebring-raceday_endu_crc,6,122.179,Str 12-13,1.777,-4.2183,34.0215,38.2397,11.3025,-4.2183,34.0215,10.0464,150.9013,234.5008,83.5995,197.0482,233.4224,150.9013,27.2299,0.0,100.0,100.0,85.2273,0.0,100.0,33.9509,0.0204,1.4724,1.4519,0.7968,0.9847,1.3343,0.4004,-1.4724,0.9847,2.4571,-0.6077,0.9847,-1.3343,0.6551,-1.8491,0.2102,2.0593,-1.276,0.1748,-1.2652,0.6052,-0.4451,0.4535,0.8986,-0.0318,0.0765,-0.0505,0.1988
17092026-204853-AM  Kent Butaya-ford_mustang_gt3-rt_sebring-raceday_endu_crc.ld,AM  Kent Butaya,ford_mustang_gt3,rt_sebring-raceday_endu_crc,6,122.179,Turn 13,2.968,-7.5923,50.4239,58.0162,34.0552,34.0215,-7.5923,11.667,124.6691,150.9013,26.2322,133.6071,150.9013,146.3349,7.1686,0.0,100.0,100.0,13.6617,100.0,0.0,32.9452,0.8288,1.9818,1.153,1.4379,1.3343,0.8288,0.1998,-1.9818,-0.8288,1.153,-1.4379,-1.3343,-0.8288,0.1998,-1.4065,0.5287,1.9351,0.0214,-1.2652,0.4844,0.5694,-0.2178,0.2669,0.4846,-0.0333,-0.0505,-0.063,0.0872
17092026-204853-AM  Kent Butaya-ford_mustang_gt3-rt_sebring-raceday_endu_crc.ld,AM  Kent Butaya,ford_mustang_gt3,rt_sebring-raceday_endu_crc,6,122.179,Str 13-14,3.627,-33.9736,54.3082,88.2818,4.2132,-7.5923,54.2941,28.7847,122.13,171.2152,49.0851,148.9934,146.3349,122.13,15.7777,0.0,99.8314,99.8314,21.1205,0.0,0.0,37.1036,0.0078,1.7823,1.7745,1.1351,0.8288,1.4863,0.5099,-1.7823,1.7635,3.5458,0.0381,-0.8288,-1.4863,1.2446,-1.7072,0.4866,2.1938,-0.1393,0.4844,-0.1232,0.7252,-0.3202,0.4619,0.7821,-0.0222,-0.063,-0.1542,0.1324
17092026-204853-AM  Kent Butaya-ford_mustang_gt3-rt_sebring-raceday_endu_crc.ld,AM  Kent Butaya,ford_mustang_gt3,rt_sebring-raceday_endu_crc,6,122.179,Turn 14,26.686,-320.0,81.4874,401.4874,-2.0052,54.2941,4.5672,53.4073,111.1408,249.0528,137.912,183.3016,122.13,178.4628,44.1764,0.0,100.0,100.0,6.6005,0.0,0.0,23.336,0.0,2.2858,2.2858,0.6852,1.4863,0.4593,0.6588,-2.2858,0.316,2.6018,-0.6422,-1.4863,-0.4593,0.7008,-1.777,0.6111,2.388,0.1164,-0.1232,0.4017,0.437,-0.7762,0.9568,1.733,-0.0154,-0.1542,0.1697,0.1901
17092026-204853-AM  Kent Butaya-ford_mustang_gt3-rt_sebring-raceday_endu_crc.ld,AM  Kent Butaya,ford_mustang_gt3,rt_sebring-raceday_endu_crc,6,122.179,Str 0-1 (Start),4.167,-6.2327,4.6984,10.9311,-1.2735,4.5672,-2.0199,2.0386,178.4628,217.8737,39.4109,200.3536,178.4628,217.8737,11.5611,0.0,0.0,0.0,0.0,0.0,0.0,0.0,0.0002,0.4593,0.4591,0.1309,0.4593,0.0201,0.1241,-0.4593,0.3148,0.7741,0.0031,-0.4593,0.0003,0.181,-0.166,0.4742,0.6401,0.2725,0.4017,0.2345,0.0856,-0.6947,0.6304,1.3251,-0.0022,0.1697,0.188,0.2328
